SAMPLE_ID_OTU_TABLE,PROJECT_ID,SAMPLE_ID
ACAGTG_NNNNACTGC_1__DCO_BKR_Bv4v5__Knox_DrillFluid_63E_NC__20141024,DCO_BKR,Knox_DrillFluid_63E_NC
ACAGTG_NNNNCTACT_1__DCO_BKR_Bv4v5__Knox_63E_6H2__20141024,DCO_BKR,Knox_63E_6H2
ACAGTG_NNNNTGACT_1__DCO_BKR_Bv4v5__Knox_63E_24H2__20141024,DCO_BKR,Knox_63E_24H2
TGACCA_NNNNACTGC_1__DCO_BKR_Bv4v5__Aar_DrillFluid_59E_NC__20141024,DCO_BKR,Aar_DrillFluid_59E_NC
TGACCA_NNNNATGCT_1__DCO_BKR_Bv4v5__Knox_60B_28H2__20141024,DCO_BKR,Knox_60B_28H2
TGACCA_NNNNCGACG_1__DCO_BKR_Bv4v5__Aar_59E_21H2__20141024,DCO_BKR,Aar_59E_21H2
TGACCA_NNNNGACAG_1__DCO_BKR_Bv4v5__Knox_60B_10H2__20141024,DCO_BKR,Knox_60B_10H2
TGACCA_NNNNTACGC_1__DCO_BKR_Bv4v5__Aar_59E_13H2__20141024,DCO_BKR,Aar_59E_13H2
TGACCA_NNNNTGACT_1__DCO_BKR_Bv4v5__Aar_65C_4H2__20141024,DCO_BKR,Aar_65C_4H2
CAGATC_NNNNACTGC_1__DCO_LAZ_Bv4v5__PC4A__20150605,DCO_LAZ,PC4A
CAGATC_NNNNATGCT_1__DCO_LAZ_Bv4v5__GC03top__20150605,DCO_LAZ,GC03top
CAGATC_NNNNGTCAC_1__DCO_LAZ_Bv4v5__PC4B__20150605,DCO_LAZ,PC4B
CAGATC_NNNNTGACT_1__DCO_LAZ_Bv4v5__PC3C__20150605,DCO_LAZ,PC3C
CTTGTA_NNNNCGACG_1__DCO_RUS_Bv4v5__O_12__20150605,DCO_RUS,O_12
CTTGTA_NNNNGACAG_1__DCO_RUS_Bv4v5__Blank_2__20150605,DCO_RUS,Blank_2
GATCAG_NNNNACTGC_1__DCO_LAZ_Bv4v5__PC2C__20150605,DCO_LAZ,PC2C
GATCAG_NNNNATGCT_1__DCO_LAZ_Bv4v5__PC3B__20150605,DCO_LAZ,PC3B
GATCAG_NNNNCGACG_1__DCO_LAZ_Bv4v5__PC2A__20150605,DCO_LAZ,PC2A
GATCAG_NNNNGACAG_1__DCO_LAZ_Bv4v5__PC3A__20150605,DCO_LAZ,PC3A
GATCAG_NNNNGTCAC_1__DCO_LAZ_Bv4v5__PC2D__20150605,DCO_LAZ,PC2D
GATCAG_NNNNTACGC_1__DCO_LAZ_Bv4v5__PC1A__20150605,DCO_LAZ,PC1A
GATCAG_NNNNTGACT_1__DCO_LAZ_Bv4v5__PC2B__20150605,DCO_LAZ,PC2B
TAGCTT_NNNNACTGC_1__DCO_RUS_Bv4v5__8_D__20150605,DCO_RUS,8_D
TAGCTT_NNNNCGACG_1__DCO_RUS_Bv4v5__6_D__20150605,DCO_RUS,6_D
TAGCTT_NNNNGACAG_1__DCO_RUS_Bv4v5__O_3__20150605,DCO_RUS,O_3
TAGCTT_NNNNTACGC_1__DCO_RUS_Bv4v5__4_D__20150605,DCO_RUS,4_D
TAGCTT_NNNNTGACT_1__DCO_RUS_Bv4v5__6_H__20150605,DCO_RUS,6_H
ATCACG_NNNNACTGC_1__DCO_GMSB_Bv4v5__P6_4__20150806,DCO_GMSB,P6_4
ATCACG_NNNNATGCT_1__DCO_GMSB_Bv4v5__P11_2__20150806,DCO_GMSB,P11_2
ATCACG_NNNNCTACT_1__DCO_GMSB_Bv4v5__P3_4__20150806,DCO_GMSB,P3_4
ATCACG_NNNNGACAG_1__DCO_GMSB_Bv4v5__P10_4__20150806,DCO_GMSB,P10_4
ATCACG_NNNNGTCAC_1__DCO_GMSB_Bv4v5__P10_2__20150806,DCO_GMSB,P10_2
ATCACG_NNNNTGACT_1__DCO_GMSB_Bv4v5__P6_3__20150806,DCO_GMSB,P6_3
CGATGT_NNNNCGACG_1__DCO_GMSB_Bv4v5__P12_4__20150806,DCO_GMSB,P12_4
CGATGT_NNNNCTACT_1__DCO_GMSB_Bv4v5__P13_4__20150806,DCO_GMSB,P13_4
CGATGT_NNNNGACAG_1__DCO_LOIH_Bv4v5__J676black_Bv4v5__20150806,DCO_LOIH,J676black_Bv4v5
TGACCA_NNNNACTGC_1__DCO_ONS_Bv4v5__B_BE326FW150813_cap__20150806,DCO_ONS,B_BE326FW150813_cap
TGACCA_NNNNATGCT_1__DCO_ONS_Bv4v5__B_DR5IPC280513__20150806,DCO_ONS,B_DR5IPC280513
TGACCA_NNNNCGACG_1__DCO_ONS_Bv4v5__B_BE326FW010813_cap_2__20150806,DCO_ONS,B_BE326FW010813_cap_2
TGACCA_NNNNCTACT_1__DCO_ONS_Bv4v5__B_BE326FW080813_cap__20150806,DCO_ONS,B_BE326FW080813_cap
TGACCA_NNNNGACAG_1__DCO_ONS_Bv4v5__B_DR5IPC280711__20150806,DCO_ONS,B_DR5IPC280711
TGACCA_NNNNGTCAC_1__DCO_ONS_Bv4v5__B_BE326FW150813_cap_2__20150806,DCO_ONS,B_BE326FW150813_cap_2
TGACCA_NNNNTACGC_1__DCO_ONS_Bv4v5__B_BE326FW010813_cap__20150806,DCO_ONS,B_BE326FW010813_cap
TGACCA_NNNNTGACT_1__DCO_ONS_Bv4v5__B_BE326FW080813_cap_2__20150806,DCO_ONS,B_BE326FW080813_cap_2
TTAGGC_NNNNACTGC_1__DCO_ONS_Bv4v5__B_BE326FW250111__20150806,DCO_ONS,B_BE326FW250111
TTAGGC_NNNNATGCT_1__DCO_ONS_Bv4v5__B_BE326FW150813_MF_2__20150806,DCO_ONS,B_BE326FW150813_MF_2
TTAGGC_NNNNGACAG_1__DCO_ONS_Bv4v5__B_BE326FW150813_MF__20150806,DCO_ONS,B_BE326FW150813_MF
TTAGGC_NNNNGTCAC_1__DCO_ONS_Bv4v5__B_BE326FW270712__20150806,DCO_ONS,B_BE326FW270712
CTTGTA_NNNNCTACT_1__DCO_LOIH_Bv4v5__J2_672_BM1_B12345__20151006,DCO_LOIH,J2_672_BM1_B12345
GGCTAC_NNNNGACAG_1__DCO_LOIH_Bv4v5__J674black_Bv4v5__20151006,DCO_LOIH,J674black_Bv4v5
GGCTAC_NNNNTGACT_1__DCO_LOIH_Bv4v5__J675yellow_Bv4v5__20151006,DCO_LOIH,J675yellow_Bv4v5
TAGCTT_NNNNACTGC_1__DCO_LAZ_Bv4v5__PC3A_2__20151006,DCO_LAZ,PC3A_2
TAGCTT_NNNNGACAG_1__DCO_LAZ_Bv4v5__PC3C_2__20151006,DCO_LAZ,PC3C_2
TAGCTT_NNNNGTCAC_1__DCO_LAZ_Bv4v5__PC3B_2__20151006,DCO_LAZ,PC3B_2
TAGCTT_NNNNTGACT_1__DCO_LAZ_Bv4v5__PC1A_2__20151006,DCO_LAZ,PC1A_2
GATCAG_NNNNACTGC_1__DCO_KLA_Bv4v5__Venere_flow_80_m_from_summit_48__20151110,DCO_KLA,Venere_flow_80_m_from_summit_48
GATCAG_NNNNCGACG_1__DCO_KLA_Bv4v5__Venere_summit_88__20151110,DCO_KLA,Venere_summit_88
GATCAG_NNNNCTACT_1__DCO_KLA_Bv4v5__Venere_summit_470__20151110,DCO_KLA,Venere_summit_470
GATCAG_NNNNGACAG_1__DCO_KLA_Bv4v5__Venere_flow_150_m_from_summit_5__20151110,DCO_KLA,Venere_flow_150_m_from_summit_5
GATCAG_NNNNTACGC_1__DCO_KLA_Bv4v5__Venere_summit_2__20151110,DCO_KLA,Venere_summit_2
GATCAG_NNNNTGACT_1__DCO_KLA_Bv4v5__Venere_flow_80_m_from_summit_2__20151110,DCO_KLA,Venere_flow_80_m_from_summit_2
TAGCTT_NNNNTGACT_1__DCO_KLA_Bv4v5__Extraction_blank__20151110,DCO_KLA,Extraction_blank
TAGCTT_NNNNCTACT_1__DCO_PIN_Bv4v5__U7__20160226,DCO_PIN,U7
ACAGTG_NNNNACTGC_1__DCO_TIA2_Bv4v5__A303GC__20160504,DCO_TIA2,A303GC
ACAGTG_NNNNATGCT_1__DCO_TIA2_Bv4v5__A502MOB__20160504,DCO_TIA2,A502MOB
ACAGTG_NNNNCGACG_1__DCO_TIA2_Bv4v5__A301MO__20160504,DCO_TIA2,A301MO
ACAGTG_NNNNCTACT_1__DCO_TIA2_Bv4v5__A302MO__20160504,DCO_TIA2,A302MO
ACAGTG_NNNNGACAG_1__DCO_TIA2_Bv4v5__A502GCB__20160504,DCO_TIA2,A502GCB
ACAGTG_NNNNGTCAC_1__DCO_TIA2_Bv4v5__A501GC__20160504,DCO_TIA2,A501GC
ACAGTG_NNNNTACGC_1__DCO_TIA2_Bv4v5__A501MO__20160504,DCO_TIA2,A501MO
ACAGTG_NNNNTGACT_1__DCO_TIA2_Bv4v5__A502MO__20160504,DCO_TIA2,A502MO
GCCAAT_NNNNCGACG_1__DCO_TIA2_Bv4v5__A502GCA__20160504,DCO_TIA2,A502GCA
GCCAAT_NNNNTACGC_1__DCO_TIA2_Bv4v5__A301GC__20160504,DCO_TIA2,A301GC
ACAGTG_NNNNACTGC_1__DCO_QUE_Bv4v5__70O_P_MET2_1__20160922,DCO_QUE,70O_P_MET2_1
ACAGTG_NNNNCGACG_1__DCO_QUE_Bv4v5__70O_P_F1_2__20160922,DCO_QUE,70O_P_F1_2
ACAGTG_NNNNCTACT_1__DCO_QUE_Bv4v5__70B_P_MET2_1__20160922,DCO_QUE,70B_P_MET2_1
ACAGTG_NNNNGTCAC_1__DCO_QUE_Bv4v5__70O_P_MET2_2__20160922,DCO_QUE,70O_P_MET2_2
ACAGTG_NNNNTACGC_1__DCO_QUE_Bv4v5__70O_P_F1_1__20160922,DCO_QUE,70O_P_F1_1
ACAGTG_NNNNTGACT_1__DCO_QUE_Bv4v5__70B_P_MET2_2__20160922,DCO_QUE,70B_P_MET2_2
ATCACG_ATGCT_1__DCO_TAS_Bv4v5__S4_30__20160922,DCO_TAS,S4_30
ATCACG_GACAG_1__DCO_TAS_Bv4v5__S4_10__20160922,DCO_TAS,S4_10
ATCACG_GTCAC_1__DCO_TAS_Bv4v5__S3_30__20160922,DCO_TAS,S3_30
ATCACG_NNNNACTGC_1__DCO_TAS_Bv4v5__S3_10__20160922,DCO_TAS,S3_10
ATCACG_NNNNCGACG_1__DCO_TAS_Bv4v5__S1_30__20160922,DCO_TAS,S1_30
ATCACG_NNNNCTACT_1__DCO_TAS_Bv4v5__S2_10__20160922,DCO_TAS,S2_10
ATCACG_NNNNTACGC_1__DCO_TAS_Bv4v5__S1_10__20160922,DCO_TAS,S1_10
ATCACG_NNNNTGACT_1__DCO_TAS_Bv4v5__S2_30__20160922,DCO_TAS,S2_30
CGATGT_NNNNACTGC_1__DCO_SAR_Bv4v5__A1___20160922,DCO_SAR,A1_
CGATGT_NNNNATGCT_1__DCO_SAR_Bv4v5__A4___20160922,DCO_SAR,A4_
CGATGT_NNNNCGACG_1__DCO_TAS_Bv4v5__S5_30__20160922,DCO_TAS,S5_30
CGATGT_NNNNCTACT_1__DCO_TAS_Bv4v5__S6___20160922,DCO_TAS,S6_
CGATGT_NNNNGACAG_1__DCO_SAR_Bv4v5__A3___20160922,DCO_SAR,A3_
CGATGT_NNNNGTCAC_1__DCO_SAR_Bv4v5__A2___20160922,DCO_SAR,A2_
CGATGT_NNNNTACGC_1__DCO_TAS_Bv4v5__S5_10__20160922,DCO_TAS,S5_10
CGATGT_NNNNTGACT_1__DCO_TAS_Bv4v5__S7___20160922,DCO_TAS,S7_
TGACCA_NNNNACTGC_1__DCO_QUE_Bv4v5__70B_P_FE_1__20160922,DCO_QUE,70B_P_FE_1
TGACCA_NNNNATGCT_1__DCO_QUE_Bv4v5__70B_P_F1_2__20160922,DCO_QUE,70B_P_F1_2
TGACCA_NNNNCGACG_1__DCO_QUE_Bv4v5__70O_FE_2_ATM10__20160922,DCO_QUE,70O_FE_2_ATM10
TGACCA_NNNNCTACT_1__DCO_QUE_Bv4v5__70O_F1_ATM10__20160922,DCO_QUE,70O_F1_ATM10
TGACCA_NNNNGACAG_1__DCO_QUE_Bv4v5__70B_P_F1_1__20160922,DCO_QUE,70B_P_F1_1
TGACCA_NNNNGTCAC_1__DCO_QUE_Bv4v5__70O_P_FE_1__20160922,DCO_QUE,70O_P_FE_1
TGACCA_NNNNTACGC_1__DCO_QUE_Bv4v5__72_F1_2_ATM10__20160922,DCO_QUE,72_F1_2_ATM10
TGACCA_NNNNTGACT_1__DCO_QUE_Bv4v5__69_FE_1_ATM10__20160922,DCO_QUE,69_FE_1_ATM10
TTAGGC_NNNNACTGC_1__DCO_SAR_Bv4v5__B4___20160922,DCO_SAR,B4_
TTAGGC_NNNNATGCT_1__DCO_SAR_Bv4v5__BL_Control__20160922,DCO_SAR,BL_Control
TTAGGC_NNNNCGACG_1__DCO_SAR_Bv4v5__B1___20160922,DCO_SAR,B1_
TTAGGC_NNNNCTACT_1__DCO_SAR_Bv4v5__B2___20160922,DCO_SAR,B2_
TTAGGC_NNNNGACAG_1__DCO_SAR_Bv4v5__B6___20160922,DCO_SAR,B6_
TTAGGC_NNNNGTCAC_1__DCO_SAR_Bv4v5__B5___20160922,DCO_SAR,B5_
TTAGGC_NNNNTACGC_1__DCO_SAR_Bv4v5__A5___20160922,DCO_SAR,A5_
TTAGGC_NNNNTGACT_1__DCO_SAR_Bv4v5__B3___20160922,DCO_SAR,B3_
CTTGTA_NNNNGACAG_1__DCO_SHER_Bv4v5__Kidd_Creek_SW_2015__20161020,DCO_SHER,Kidd_Creek_SW_2015
ACTTGA_NNNNACTGC_1__DCO_DAL_Bv4v5__Traianoupoli__20161229,DCO_DAL,Traianoupoli
ACTTGA_NNNNATGCT_1__DCO_DAL_Bv4v5__NeoErasmio__20161229,DCO_DAL,NeoErasmio
ACTTGA_NNNNCGACG_1__DCO_DAL_Bv4v5__Nymfopetra__20161229,DCO_DAL,Nymfopetra
ACTTGA_NNNNCTACT_1__DCO_DAL_Bv4v5__NeaKessani__20161229,DCO_DAL,NeaKessani
ACTTGA_NNNNGACAG_1__DCO_DAL_Bv4v5__Alexandria__20161229,DCO_DAL,Alexandria
ACTTGA_NNNNGTCAC_1__DCO_DAL_Bv4v5__Termopigi__20161229,DCO_DAL,Termopigi
ACTTGA_NNNNTACGC_1__DCO_DAL_Bv4v5__Giotrisi__20161229,DCO_DAL,Giotrisi
ACTTGA_NNNNTGACT_1__DCO_DAL_Bv4v5__Mesochori3__20161229,DCO_DAL,Mesochori3
GATCAG_NNNNCGACG_1__DCO_DAL_Bv4v5__AgiaParaskevi__20161229,DCO_DAL,AgiaParaskevi
GATCAG_NNNNCTACT_1__DCO_DAL_Bv4v5__Kabasilon__20161229,DCO_DAL,Kabasilon
GATCAG_NNNNTACGC_1__DCO_DAL_Bv4v5__NeaApollonia3__20161229,DCO_DAL,NeaApollonia3
GATCAG_NNNNTGACT_1__DCO_DAL_Bv4v5__Control__20161229,DCO_DAL,Control
GGCTAC_ATGCT_1__DCO_MAR_Bv4v5__8B___20170223,DCO_MAR,8B_
GGCTAC_GACAG_1__DCO_MAR_Bv4v5__7B___20170223,DCO_MAR,7B_
ACAGTG_ACTGC_1__DCO_RUF1_Bv4v5__GB_Enr_8__20171030,DCO_RUF1,GB_Enr_8
ACAGTG_ATGCT_1__DCO_RUF2_Bv4v5__RR1_S__20171030,DCO_RUF2,RR1_S
ACAGTG_CGACG_1__DCO_RUF1_Bv4v5__GB_Enr_30__20171030,DCO_RUF1,GB_Enr_30
ACAGTG_CTACT_1__DCO_RUF1_Bv4v5__GB_Enr_13__20171030,DCO_RUF1,GB_Enr_13
ACAGTG_GACAG_1__DCO_RUF1_Bv4v5__GB_Enr_54__20171030,DCO_RUF1,GB_Enr_54
ACAGTG_GTCAC_1__DCO_RUF1_Bv4v5__GB_Enr_15__20171030,DCO_RUF1,GB_Enr_15
ACAGTG_TGACT_1__DCO_RUF1_Bv4v5__GB_Enr_24__20171030,DCO_RUF1,GB_Enr_24
ACTTGA_ACTGC_1__DCO_JOYE_Bv4v5__GC767_Microcosm__20171030,DCO_JOYE,GC767_Microcosm
ACTTGA_CGACG_1__DCO_JOYE_Bv4v5__OC26_1520__20171030,DCO_JOYE,OC26_1520
ACTTGA_CTACT_1__DCO_JOYE_Bv4v5__MC118_1520__20171030,DCO_JOYE,MC118_1520
ACTTGA_GACAG_1__DCO_JOYE_Bv4v5__MC118_Microcosm__20171030,DCO_JOYE,MC118_Microcosm
ACTTGA_GTCAC_1__DCO_JOYE_Bv4v5__OC26_Microcosm__20171030,DCO_JOYE,OC26_Microcosm
CAGATC_ACTGC_1__DCO_JOYE_Bv4v5__GC767_1015__20171030,DCO_JOYE,GC767_1015
CAGATC_CTACT_1__DCO_RUF2_Bv4v5__TOR_Ref_1__20171030,DCO_RUF2,TOR_Ref_1
CAGATC_GACAG_1__DCO_JOYE_Bv4v5__MC118_1015__20171030,DCO_JOYE,MC118_1015
CAGATC_GTCAC_1__DCO_JOYE_Bv4v5__OC26_1015__20171030,DCO_JOYE,OC26_1015
CAGATC_TGACT_1__DCO_JOYE_Bv4v5__GC600_1015__20171030,DCO_JOYE,GC600_1015
CTTGTA_TACGC_1__DCO_GRD_Bv4v5__69A4R1_75_85_bacteria__20171030,DCO_GRD,69A4R1_75_85_bacteria
GATCAG_ACTGC_1__DCO_PUR_Bv4v5__OTA_4_DNA_A__20171030,DCO_PUR,OTA_4_DNA_A
GATCAG_CTACT_1__DCO_PUR_Bv4v5__OTA_3_DNA_A__20171030,DCO_PUR,OTA_3_DNA_A
GATCAG_GACAG_1__DCO_PUR_Bv4v5__OTA_5_DNA_A__20171030,DCO_PUR,OTA_5_DNA_A
GCCAAT_ACTGC_1__DCO_RUF2_Bv4v5__RR_Ref_1__20171030,DCO_RUF2,RR_Ref_1
GCCAAT_ATGCT_1__DCO_RUF2_Bv4v5__TOR1_D__20171030,DCO_RUF2,TOR1_D
GCCAAT_GTCAC_1__DCO_RUF2_Bv4v5__TOR1_S__20171030,DCO_RUF2,TOR1_S
GCCAAT_TACGC_1__DCO_RUF2_Bv4v5__RR1_M__20171030,DCO_RUF2,RR1_M
GCCAAT_TGACT_1__DCO_RUF2_Bv4v5__RR2_D__20171030,DCO_RUF2,RR2_D
GGCTAC_CGACG_1__DCO_GRD_Bv4v5__70C3R1_85_91_Bac__20171030,DCO_GRD,70C3R1_85_91_Bac
GGCTAC_TACGC_1__DCO_GRD_Bv4v5__69A9R2_124_129_Bac__20171030,DCO_GRD,69A9R2_124_129_Bac
GGCTAC_TGACT_1__DCO_GRD_Bv4v5__74A_1R1_50_60_Bac__20171030,DCO_GRD,74A_1R1_50_60_Bac
TAGCTT_ACTGC_1__DCO_PUR_Bv4v5__OTA_DNA_extrctrl_1__20171030,DCO_PUR,OTA_DNA_extrctrl_1
TGACCA_ACTGC_1__DCO_RUF1_Bv4v5__GB_Enr_10__20171030,DCO_RUF1,GB_Enr_10
TGACCA_ATGCT_1__DCO_RUF1_Bv4v5__GB_Enr_28__20171030,DCO_RUF1,GB_Enr_28
TGACCA_CGACG_1__DCO_RUF1_Bv4v5__AT_4862_8__20171030,DCO_RUF1,AT_4862_8
TGACCA_CTACT_1__DCO_RUF1_Bv4v5__GB_Enr_17__20171030,DCO_RUF1,GB_Enr_17
TGACCA_GACAG_1__DCO_RUF1_Bv4v5__GB_Enr_11__20171030,DCO_RUF1,GB_Enr_11
TGACCA_GTCAC_1__DCO_RUF1_Bv4v5__GB_Enr_25__20171030,DCO_RUF1,GB_Enr_25
TGACCA_TGACT_1__DCO_RUF1_Bv4v5__GB_Enr_2__20171030,DCO_RUF1,GB_Enr_2
ACAGTG_ACTGC_1__DCO_LLO_Bv4v5__PFF_PF170224__20171214,DCO_LLO,PFF_PF170224
ACAGTG_CGACG_1__DCO_LLO_Bv4v5__ETF_ET170220__20171214,DCO_LLO,ETF_ET170220
ACAGTG_CTACT_1__DCO_LLO_Bv4v5__FAF_FA170219__20171214,DCO_LLO,FAF_FA170219
ACAGTG_GTCAC_1__DCO_LLO_Bv4v5__PGF_PG170224__20171214,DCO_LLO,PGF_PG170224
ACAGTG_TACGC_1__DCO_LLO_Bv4v5__EPF_EP170215__20171214,DCO_LLO,EPF_EP170215
ACAGTG_TGACT_1__DCO_LLO_Bv4v5__MTF_MT170219__20171214,DCO_LLO,MTF_MT170219
ATCACG_ATGCT_1__DCO_LLO_Bv4v5__BRS1_BR170218_1__20171214,DCO_LLO,BRS1_BR170218_1
ATCACG_GTCAC_1__DCO_LLO_Bv4v5__S14_S_14__20171214,DCO_LLO,S14_S_14
ATCACG_TACGC_1__DCO_LLO_Bv4v5__S33_S_33__20171214,DCO_LLO,S33_S_33
CGATGT_ACTGC_1__DCO_LLO_Bv4v5__FAS_FA170219__20171214,DCO_LLO,FAS_FA170219
CGATGT_ATGCT_1__DCO_LLO_Bv4v5__PGS_PG170224__20171214,DCO_LLO,PGS_PG170224
CGATGT_CGACG_1__DCO_LLO_Bv4v5__CYS_CY170214__20171214,DCO_LLO,CYS_CY170214
CGATGT_CTACT_1__DCO_LLO_Bv4v5__EPS_EP170215__20171214,DCO_LLO,EPS_EP170215
CGATGT_GACAG_1__DCO_LLO_Bv4v5__PFS_PF170222__20171214,DCO_LLO,PFS_PF170222
CGATGT_TACGC_1__DCO_LLO_Bv4v5__BRS2_BR170218_2__20171214,DCO_LLO,BRS2_BR170218_2
CGATGT_TGACT_1__DCO_LLO_Bv4v5__ETS_ET170220__20171214,DCO_LLO,ETS_ET170220
GCCAAT_ATGCT_1__DCO_LLO_Bv4v5__TCF_TC170221__20171214,DCO_LLO,TCF_TC170221
GCCAAT_GACAG_1__DCO_LLO_Bv4v5__SLF_SL170214__20171214,DCO_LLO,SLF_SL170214
GCCAAT_TACGC_1__DCO_LLO_Bv4v5__QNF_QN170220__20171214,DCO_LLO,QNF_QN170220
GCCAAT_TGACT_1__DCO_LLO_Bv4v5__QHF2_QH170212_2__20171214,DCO_LLO,QHF2_QH170212_2
TGACCA_ATGCT_1__DCO_LLO_Bv4v5__CYF_CY170214__20171214,DCO_LLO,CYF_CY170214
TGACCA_CGACG_1__DCO_LLO_Bv4v5__TCS_TC170221_2__20171214,DCO_LLO,TCS_TC170221_2
TGACCA_CTACT_1__DCO_LLO_Bv4v5__VCS_VC170218__20171214,DCO_LLO,VCS_VC170218
TGACCA_GACAG_1__DCO_LLO_Bv4v5__BRF2_BR170218_2__20171214,DCO_LLO,BRF2_BR170218_2
TGACCA_GTCAC_1__DCO_LLO_Bv4v5__BRF1_BR170218_1__20171214,DCO_LLO,BRF1_BR170218_1
TGACCA_TACGC_1__DCO_LLO_Bv4v5__STS_ST170223__20171214,DCO_LLO,STS_ST170223
TGACCA_TGACT_1__DCO_LLO_Bv4v5__ESF9_ES_F9__20171214,DCO_LLO,ESF9_ES_F9
TTAGGC_ACTGC_1__DCO_LLO_Bv4v5__QNS_QN170220__20171214,DCO_LLO,QNS_QN170220
TTAGGC_ATGCT_1__DCO_LLO_Bv4v5__SLS_SL170214_S__20171214,DCO_LLO,SLS_SL170214_S
TTAGGC_CTACT_1__DCO_LLO_Bv4v5__QHS1_QH170213_1__20171214,DCO_LLO,QHS1_QH170213_1
TTAGGC_GACAG_1__DCO_LLO_Bv4v5__SIS_SI170217__20171214,DCO_LLO,SIS_SI170217
TTAGGC_GTCAC_1__DCO_LLO_Bv4v5__RSS_RS170216__20171214,DCO_LLO,RSS_RS170216
TTAGGC_TACGC_1__DCO_LLO_Bv4v5__PLS_PL170224__20171214,DCO_LLO,PLS_PL170224
TTAGGC_TGACT_1__DCO_LLO_Bv4v5__QHS2_QH170213_2__20171214,DCO_LLO,QHS2_QH170213_2
ATCACG_ACTGC_1__DCO_HAN_Bv4v5__CH_0005__20180124,DCO_HAN,CH_0005
ATCACG_ATGCT_1__DCO_HAN_Bv4v5__CH_0008__20180124,DCO_HAN,CH_0008
ATCACG_CGACG_1__DCO_HAN_Bv4v5__CH_0002__20180124,DCO_HAN,CH_0002
ATCACG_CTACT_1__DCO_HAN_Bv4v5__CH_0003__20180124,DCO_HAN,CH_0003
ATCACG_GACAG_1__DCO_HAN_Bv4v5__CH_0007__20180124,DCO_HAN,CH_0007
ATCACG_GTCAC_1__DCO_HAN_Bv4v5__CH_0006__20180124,DCO_HAN,CH_0006
ATCACG_TACGC_1__DCO_HAN_Bv4v5__CH_0001__20180124,DCO_HAN,CH_0001
ATCACG_TGACT_1__DCO_HAN_Bv4v5__CH_0004__20180124,DCO_HAN,CH_0004
CGATGT_ACTGC_1__DCO_HAN_Bv4v5__CH_0013__20180124,DCO_HAN,CH_0013
CGATGT_ATGCT_1__DCO_HAN_Bv4v5__CH_0016__20180124,DCO_HAN,CH_0016
CGATGT_CGACG_1__DCO_HAN_Bv4v5__CH_0010__20180124,DCO_HAN,CH_0010
CGATGT_CTACT_1__DCO_HAN_Bv4v5__CH_0011__20180124,DCO_HAN,CH_0011
CGATGT_GACAG_1__DCO_HAN_Bv4v5__CH_0015__20180124,DCO_HAN,CH_0015
CGATGT_GTCAC_1__DCO_HAN_Bv4v5__CH_0014__20180124,DCO_HAN,CH_0014
CGATGT_TACGC_1__DCO_HAN_Bv4v5__CH_0009__20180124,DCO_HAN,CH_0009
CGATGT_TGACT_1__DCO_HAN_Bv4v5__CH_0012__20180124,DCO_HAN,CH_0012
TTAGGC_ACTGC_1__DCO_HAN_Bv4v5__CH_0021__20180124,DCO_HAN,CH_0021
TTAGGC_CGACG_1__DCO_HAN_Bv4v5__CH_0018__20180124,DCO_HAN,CH_0018
TTAGGC_CTACT_1__DCO_HAN_Bv4v5__CH_0019__20180124,DCO_HAN,CH_0019
TTAGGC_GTCAC_1__DCO_HAN_Bv4v5__CH_0022__20180124,DCO_HAN,CH_0022
TTAGGC_TACGC_1__DCO_HAN_Bv4v5__CH_0017__20180124,DCO_HAN,CH_0017
TTAGGC_TGACT_1__DCO_HAN_Bv4v5__CH_0020__20180124,DCO_HAN,CH_0020
ATCACG_ACTGC_1__DCO_SWIR_Bv4v5__RS_649_20B1__20180325,DCO_SWIR,RS_649_20B1
ATCACG_ATGCT_1__DCO_SWIR_Bv4v5__RS_644_28B2__20180325,DCO_SWIR,RS_644_28B2
ATCACG_CGACG_1__DCO_SWIR_Bv4v5__RS_644_12B2__20180325,DCO_SWIR,RS_644_12B2
ATCACG_CTACT_1__DCO_SWIR_Bv4v5__RS_644_24B1__20180325,DCO_SWIR,RS_644_24B1
ATCACG_GACAG_1__DCO_SWIR_Bv4v5__RS_644_28B1__20180325,DCO_SWIR,RS_644_28B1
ATCACG_GTCAC_1__DCO_SWIR_Bv4v5__RS_649_20B2__20180325,DCO_SWIR,RS_649_20B2
ATCACG_TACGC_1__DCO_SWIR_Bv4v5__RS_644_12B1__20180325,DCO_SWIR,RS_644_12B1
ATCACG_TGACT_1__DCO_SWIR_Bv4v5__RS_644_24B2__20180325,DCO_SWIR,RS_644_24B2
CGATGT_CGACG_1__DCO_SWIR_Bv4v5__RS_644_25B2__20180325,DCO_SWIR,RS_644_25B2
CGATGT_CTACT_1__DCO_SWIR_Bv4v5__RS_649_24B1__20180325,DCO_SWIR,RS_649_24B1
CGATGT_TACGC_1__DCO_SWIR_Bv4v5__RS_644_25B1__20180325,DCO_SWIR,RS_644_25B1
CGATGT_TGACT_1__DCO_SWIR_Bv4v5__RS_649_24B2__20180325,DCO_SWIR,RS_649_24B2
TGACCA_CGACG_1__DCO_WOY_Bv4v5__170127ML2UFL__20180328,DCO_WOY,170127ML2UFL
TGACCA_TACGC_1__DCO_WOY_Bv4v5__170126ML1FL__20180328,DCO_WOY,170126ML1FL
TTAGGC_ACTGC_1__DCO_WOY_Bv4v5__170127ML2L__20180328,DCO_WOY,170127ML2L
TTAGGC_ATGCT_1__DCO_WOY_Bv4v5__170124PF1FL__20180328,DCO_WOY,170124PF1FL
TTAGGC_CGACG_1__DCO_WOY_Bv4v5__170124PF1__20180328,DCO_WOY,170124PF1
TTAGGC_CTACT_1__DCO_WOY_Bv4v5__170126ML1__20180328,DCO_WOY,170126ML1
TTAGGC_GACAG_1__DCO_WOY_Bv4v5__170123GSC1FL__20180328,DCO_WOY,170123GSC1FL
TTAGGC_GTCAC_1__DCO_WOY_Bv4v5__170127CC1__20180328,DCO_WOY,170127CC1
TTAGGC_TACGC_1__DCO_WOY_Bv4v5__170123GSB2__20180328,DCO_WOY,170123GSB2
TTAGGC_TGACT_1__DCO_WOY_Bv4v5__170127ML2U__20180328,DCO_WOY,170127ML2U
ATCACG_ATGCT_1__DCO_TASP_Bv4v5__P_8__20180522,DCO_TASP,P_8
ATCACG_GACAG_1__DCO_TASP_Bv4v5__P_7__20180522,DCO_TASP,P_7
ATCACG_GTCAC_1__DCO_TASP_Bv4v5__P_6__20180522,DCO_TASP,P_6
CGATGT_CGACG_1__DCO_TASP_Bv4v5__P10__20180522,DCO_TASP,P10
CGATGT_CTACT_1__DCO_TASP_Bv4v5__P11__20180522,DCO_TASP,P11
CGATGT_TACGC_1__DCO_TASP_Bv4v5__P_9__20180522,DCO_TASP,P_9
CGATGT_TGACT_1__DCO_TASP_Bv4v5__P11W__20180522,DCO_TASP,P11W
GATCAG_ACTGC_1__DCO_KAZ_Bv4v5__S5_HC__20181107,DCO_KAZ,S5_HC
GATCAG_ATGCT_1__DCO_KAZ_Bv4v5__S8_HC__20181107,DCO_KAZ,S8_HC
GATCAG_CGACG_1__DCO_KAZ_Bv4v5__S2_MT__20181107,DCO_KAZ,S2_MT
GATCAG_CTACT_1__DCO_KAZ_Bv4v5__S3_MT__20181107,DCO_KAZ,S3_MT
GATCAG_GACAG_1__DCO_KAZ_Bv4v5__S7_HC__20181107,DCO_KAZ,S7_HC
GATCAG_GTCAC_1__DCO_KAZ_Bv4v5__S6_HC__20181107,DCO_KAZ,S6_HC
GATCAG_TACGC_1__DCO_KAZ_Bv4v5__S1_MT__20181107,DCO_KAZ,S1_MT
GATCAG_TGACT_1__DCO_KAZ_Bv4v5__S4_MT__20181107,DCO_KAZ,S4_MT
TAGCTT_TACGC_1__DCO_KAZ_Bv4v5__RCon__20181107,DCO_KAZ,RCon
ACAGTG_ACTGC_1__DCO_BMS_Bv4v5__LE180416_f__20190109,DCO_BMS,LE180416_f
ACAGTG_ATGCT_1__DCO_BMS_Bv4v5__DS170420_f__20190109,DCO_BMS,DS170420_f
ACAGTG_CGACG_1__DCO_BMS_Bv4v5__YR180404_f__20190109,DCO_BMS,YR180404_f
ACAGTG_CTACT_1__DCO_BMS_Bv4v5__CW180415_f__20190109,DCO_BMS,CW180415_f
ACAGTG_GACAG_1__DCO_BMS_Bv4v5__PX180416_f__20190109,DCO_BMS,PX180416_f
ACAGTG_GTCAC_1__DCO_BMS_Bv4v5__XF180416_f__20190109,DCO_BMS,XF180416_f
ACAGTG_TACGC_1__DCO_BMS_Bv4v5__SC180411_f__20190109,DCO_BMS,SC180411_f
ACAGTG_TGACT_1__DCO_BMS_Bv4v5__ER180415_f__20190109,DCO_BMS,ER180415_f
ACTTGA_ACTGC_1__DCO_BMS_Bv4v5__SC180411_s__20190109,DCO_BMS,SC180411_s
ACTTGA_ATGCT_1__DCO_BMS_Bv4v5__PX180416_s__20190109,DCO_BMS,PX180416_s
ACTTGA_CGACG_1__DCO_BMS_Bv4v5__LB180410_s__20190109,DCO_BMS,LB180410_s
ACTTGA_CTACT_1__DCO_BMS_Bv4v5__CV180410_s__20190109,DCO_BMS,CV180410_s
ACTTGA_GACAG_1__DCO_BMS_Bv4v5__ER180415_s__20190109,DCO_BMS,ER180415_s
ACTTGA_GTCAC_1__DCO_BMS_Bv4v5__CW180415_s__20190109,DCO_BMS,CW180415_s
ACTTGA_TACGC_1__DCO_BMS_Bv4v5__CL180410_s__20190109,DCO_BMS,CL180410_s
ACTTGA_TGACT_1__DCO_BMS_Bv4v5__CH180410_s__20190109,DCO_BMS,CH180410_s
ATCACG_ACTGC_1__DCO_LZA_Bv4v5__AHS_9__20190109,DCO_LZA,AHS_9
ATCACG_ATGCT_1__DCO_LZA_Bv4v5__AHS_13__20190109,DCO_LZA,AHS_13
ATCACG_CGACG_1__DCO_LZA_Bv4v5__AHS_5__20190109,DCO_LZA,AHS_5
ATCACG_CTACT_1__DCO_LZA_Bv4v5__AHS_6__20190109,DCO_LZA,AHS_6
ATCACG_GACAG_1__DCO_LZA_Bv4v5__AHS_12__20190109,DCO_LZA,AHS_12
ATCACG_GTCAC_1__DCO_LZA_Bv4v5__AHS_11__20190109,DCO_LZA,AHS_11
ATCACG_TACGC_1__DCO_LZA_Bv4v5__AHS_4__20190109,DCO_LZA,AHS_4
ATCACG_TGACT_1__DCO_LZA_Bv4v5__AHS_8__20190109,DCO_LZA,AHS_8
CAGATC_ACTGC_1__DCO_BMS_Bv4v5__BS180407_s__20190109,DCO_BMS,BS180407_s
CAGATC_ATGCT_1__DCO_BMS_Bv4v5__CI180408_s__20190109,DCO_BMS,CI180408_s
CAGATC_CGACG_1__DCO_BMS_Bv4v5__LW180405_s__20190109,DCO_BMS,LW180405_s
CAGATC_CTACT_1__DCO_BMS_Bv4v5__LH180406_s__20190109,DCO_BMS,LH180406_s
CAGATC_GACAG_1__DCO_BMS_Bv4v5__CZ180409_s__20190109,DCO_BMS,CZ180409_s
CAGATC_GTCAC_1__DCO_BMS_Bv4v5__RR180407_s__20190109,DCO_BMS,RR180407_s
CAGATC_TACGC_1__DCO_BMS_Bv4v5__PS180405_s__20190109,DCO_BMS,PS180405_s
CAGATC_TGACT_1__DCO_BMS_Bv4v5__LP180406_s__20190109,DCO_BMS,LP180406_s
CGATGT_ACTGC_1__DCO_TASP_Bv4v5__P02__20190109,DCO_TASP,P02
CGATGT_ATGCT_1__DCO_TASP_Bv4v5__P05__20190109,DCO_TASP,P05
CGATGT_CGACG_1__DCO_LZA_Bv4v5__AHS_19__20190109,DCO_LZA,AHS_19
CGATGT_CTACT_1__DCO_LZA_Bv4v5__AHS_20__20190109,DCO_LZA,AHS_20
CGATGT_GACAG_1__DCO_TASP_Bv4v5__P04__20190109,DCO_TASP,P04
CGATGT_GTCAC_1__DCO_TASP_Bv4v5__P03__20190109,DCO_TASP,P03
CGATGT_TACGC_1__DCO_LZA_Bv4v5__AHS_14__20190109,DCO_LZA,AHS_14
CGATGT_TGACT_1__DCO_LZA_Bv4v5__AHS_21__20190109,DCO_LZA,AHS_21
GATCAG_CGACG_1__DCO_BMS_Bv4v5__LE180416_s__20190109,DCO_BMS,LE180416_s
GATCAG_TACGC_1__DCO_BMS_Bv4v5__XS180416_s__20190109,DCO_BMS,XS180416_s
GCCAAT_ACTGC_1__DCO_BMS_Bv4v5__HA180403_s__20190109,DCO_BMS,HA180403_s
GCCAAT_ATGCT_1__DCO_BMS_Bv4v5__RC180404_s__20190109,DCO_BMS,RC180404_s
GCCAAT_CGACG_1__DCO_BMS_Bv4v5__PC140111_f__20190109,DCO_BMS,PC140111_f
GCCAAT_CTACT_1__DCO_BMS_Bv4v5__RR180407_f__20190109,DCO_BMS,RR180407_f
GCCAAT_GACAG_1__DCO_BMS_Bv4v5__MC180404_s__20190109,DCO_BMS,MC180404_s
GCCAAT_GTCAC_1__DCO_BMS_Bv4v5__GE180403_s__20190109,DCO_BMS,GE180403_s
GCCAAT_TACGC_1__DCO_BMS_Bv4v5__AG170420_f__20190109,DCO_BMS,AG170420_f
TGACCA_ACTGC_1__DCO_BMS_Bv4v5__LP180406_f__20190109,DCO_BMS,LP180406_f
TGACCA_ATGCT_1__DCO_BMS_Bv4v5__RC180404_f__20190109,DCO_BMS,RC180404_f
TGACCA_CGACG_1__DCO_BMS_Bv4v5__HA180403_f__20190109,DCO_BMS,HA180403_f
TGACCA_CTACT_1__DCO_BMS_Bv4v5__LB180410_f__20190109,DCO_BMS,LB180410_f
TGACCA_GACAG_1__DCO_BMS_Bv4v5__MC180404_f__20190109,DCO_BMS,MC180404_f
TGACCA_GTCAC_1__DCO_BMS_Bv4v5__LW180405_f__20190109,DCO_BMS,LW180405_f
TGACCA_TGACT_1__DCO_BMS_Bv4v5__LH180406_f__20190109,DCO_BMS,LH180406_f
TTAGGC_ACTGC_1__DCO_BMS_Bv4v5__CI180408_f__20190109,DCO_BMS,CI180408_f
TTAGGC_ATGCT_1__DCO_BMS_Bv4v5__CZ180409_f__20190109,DCO_BMS,CZ180409_f
TTAGGC_CGACG_1__DCO_BMS_Bv4v5__BS180407_f__20190109,DCO_BMS,BS180407_f
TTAGGC_CTACT_1__DCO_BMS_Bv4v5__BW180407_f__20190109,DCO_BMS,BW180407_f
TTAGGC_GACAG_1__DCO_BMS_Bv4v5__CV180410_f__20190109,DCO_BMS,CV180410_f
TTAGGC_GTCAC_1__DCO_BMS_Bv4v5__CL180410_f__20190109,DCO_BMS,CL180410_f
TTAGGC_TACGC_1__DCO_BMS_Bv4v5__BC180410_f__20190109,DCO_BMS,BC180410_f
TTAGGC_TGACT_1__DCO_BMS_Bv4v5__CH180410_f__20190109,DCO_BMS,CH180410_f
ACAGTG_ACTGC_1__DCO_RESQ_Bv4v5__DCO_LIN_TWNCO2_16_2273m__20190326,DCO_LIN,TWNCO2_16_2273m
ACAGTG_ATGCT_1__DCO_RESQ_Bv4v5__DCO_LIN_TWNCO2_17_2325m__20190326,DCO_LIN,TWNCO2_17_2325m
ACAGTG_CGACG_1__DCO_RESQ_Bv4v5__DCO_LIN_TWNCO2_12_2056m__20190326,DCO_LIN,TWNCO2_12_2056m
ACAGTG_CTACT_1__DCO_RESQ_Bv4v5__DCO_LIN_TWNCO2_14_2172m__20190326,DCO_LIN,TWNCO2_14_2172m
ACAGTG_GACAG_1__DCO_RESQ_Bv4v5__DCO_LIN_TWNCO2_18_2397m__20190326,DCO_LIN,TWNCO2_18_2397m
ACAGTG_GTCAC_1__DCO_RESQ_Bv4v5__DCO_LIN_TWNCO2_15_2224m__20190326,DCO_LIN,TWNCO2_15_2224m
ACAGTG_TACGC_1__DCO_RESQ_Bv4v5__DCO_LIN_TWNCO2_09_1909m__20190326,DCO_LIN,TWNCO2_09_1909m
ACAGTG_TGACT_1__DCO_RESQ_Bv4v5__DCO_LIN_TWNCO2_13_2108m__20190326,DCO_LIN,TWNCO2_13_2108m
ACTTGA_ATGCT_1__DCO_RESQ_Bv4v5__DCO_MAC_LI09_5__20190326,DCO_MAC,LI09_5
ACTTGA_CGACG_1__DCO_RESQ_Bv4v5__DCO_MOS_U12N_10_tunnel__20190326,DCO_MOS,U12N_10_tunnel
ACTTGA_CTACT_1__DCO_RESQ_Bv4v5__DCO_MOS_ER_EC_11__20190326,DCO_MOS,ER_EC_11
ACTTGA_GACAG_1__DCO_RESQ_Bv4v5__DCO_MAC_LI09_4__20190326,DCO_MAC,LI09_4
ACTTGA_GTCAC_1__DCO_RESQ_Bv4v5__DCO_MAC_LI09_3__20190326,DCO_MAC,LI09_3
ACTTGA_TACGC_1__DCO_RESQ_Bv4v5__DCO_MOS_Nevares_DW2B__20190326,DCO_MOS,Nevares_DW2B
ACTTGA_TGACT_1__DCO_RESQ_Bv4v5__DCO_MOS_BLM_1A__20190326,DCO_MOS,BLM_1A
ATCACG_ACTGC_1__DCO_RESQ_Bv4v5__DCO_GRA_942W14__20190326,DCO_GRA,942W14
ATCACG_ATGCT_1__DCO_RESQ_Bv4v5__DCO_GRA_966W2__20190326,DCO_GRA,966W2
ATCACG_CGACG_1__DCO_RESQ_Bv4v5__DCO_LAV_Wallula_2009_213__20190326,DCO_LAV,Wallula_2009_213
ATCACG_CTACT_1__DCO_RESQ_Bv4v5__DCO_GRA_920W2__20190326,DCO_GRA,920W2
ATCACG_GACAG_1__DCO_RESQ_Bv4v5__DCO_GRA_951W11__20190326,DCO_GRA,951W11
ATCACG_GTCAC_1__DCO_RESQ_Bv4v5__DCO_GRA_944W11__20190326,DCO_GRA,944W11
ATCACG_TACGC_1__DCO_RESQ_Bv4v5__DCO_LAV_Wallula_2011_34__20190326,DCO_LAV,Wallula_2011_34
ATCACG_TGACT_1__DCO_RESQ_Bv4v5__DCO_GRA_932W3__20190326,DCO_GRA,932W3
CAGATC_ACTGC_1__DCO_RESQ_Bv4v5__DCO_MOS_KC_L7850_B_MF__20190326,DCO_MOS,KC_L7850_B_MF
CAGATC_ATGCT_1__DCO_RESQ_Bv4v5__DCO_MOS_BLM_1B__20190326,DCO_MOS,BLM_1B
CAGATC_CGACG_1__DCO_RESQ_Bv4v5__DCO_MOS_KC_7850_SWA__20190326,DCO_MOS,KC_7850_SWA
CAGATC_CTACT_1__DCO_RESQ_Bv4v5__DCO_MOS_KC_1_12_10_SW2__20190326,DCO_MOS,KC_1_12_10_SW2
CAGATC_GACAG_1__DCO_RESQ_Bv4v5__DCO_MOS_Bilby_DNA2_280312__20190326,DCO_MOS,Bilby_DNA2_280312
CAGATC_GTCAC_1__DCO_RESQ_Bv4v5__DCO_MOS_KC_BH1A_MF__20190326,DCO_MOS,KC_BH1A_MF
CAGATC_TACGC_1__DCO_RESQ_Bv4v5__DCO_TCO_MM51940FW200712__20190326,DCO_TCO,MM51940FW200712
CAGATC_TGACT_1__DCO_RESQ_Bv4v5__DCO_MOS_Nevares_DW2A__20190326,DCO_MOS,Nevares_DW2A
CGATGT_ACTGC_1__DCO_RESQ_Bv4v5__DCO_HIN_EM_15103_2_21_34__20190326,DCO_HIN,EM_15103_2_21_34
CGATGT_CGACG_1__DCO_RESQ_Bv4v5__DCO_HIN_EM_15103_2_435_455__20190326,DCO_HIN,EM_15103_2_435_455
CGATGT_CTACT_1__DCO_RESQ_Bv4v5__DCO_HIN_BS_15105_2_147_167__20190326,DCO_HIN,BS_15105_2_147_167
CGATGT_GTCAC_1__DCO_RESQ_Bv4v5__DCO_HIN_BS_15105_2_420_435__20190326,DCO_HIN,BS_15105_2_420_435
CGATGT_TACGC_1__DCO_RESQ_Bv4v5__DCO_HIN_EM_15103_2_220_240__20190326,DCO_HIN,EM_15103_2_220_240
CGATGT_TGACT_1__DCO_RESQ_Bv4v5__DCO_HIN_BS_15105_2_390_405__20190326,DCO_HIN,BS_15105_2_390_405
CTTGTA_ACTGC_1__DCO_RESQ_Bv4v5__DCO_SYL_1374_38R_Bac__20190326,DCO_SYL,1374_38R_Bac
CTTGTA_CGACG_1__DCO_RESQ_Bv4v5__DCO_SYL_1376_04R_Bac__20190326,DCO_SYL,1376_04R_Bac
CTTGTA_TACGC_1__DCO_RESQ_Bv4v5__DCO_PPA_1301A_3b__20190326,DCO_PPA,1301A_3b
CTTGTA_TGACT_1__DCO_RESQ_Bv4v5__DCO_SYL_1374_68R_Bac__20190326,DCO_SYL,1374_68R_Bac
GATCAG_ACTGC_1__DCO_RESQ_Bv4v5__DCO_MAC_LV13_5__20190326,DCO_MAC,LV13_5
GATCAG_ATGCT_1__DCO_RESQ_Bv4v5__DCO_ORC_JdF6XCC__20190326,DCO_ORC,JdF6XCC
GATCAG_CGACG_1__DCO_RESQ_Bv4v5__DCO_MAC_LD09_2_3__20190326,DCO_MAC,LD09_2_3
GATCAG_CTACT_1__DCO_RESQ_Bv4v5__DCO_MAC_LO13_2__20190326,DCO_MAC,LO13_2
GATCAG_GACAG_1__DCO_RESQ_Bv4v5__DCO_ORC_JdF16R2__20190326,DCO_ORC,JdF16R2
GATCAG_GTCAC_1__DCO_RESQ_Bv4v5__DCO_ORC_JdF21R1A__20190326,DCO_ORC,JdF21R1A
GATCAG_TACGC_1__DCO_RESQ_Bv4v5__DCO_MAC_LO13_8__20190326,DCO_MAC,LO13_8
GATCAG_TGACT_1__DCO_RESQ_Bv4v5__DCO_MAC_LI13_2__20190326,DCO_MAC,LI13_2
GCCAAT_ACTGC_1__DCO_RESQ_Bv4v5__DCO_TCO_FI88FW031012__20190326,DCO_TCO,FI88FW031012
GCCAAT_ATGCT_1__DCO_RESQ_Bv4v5__DCO_TCO_DR5IPCFW280711__20190326,DCO_TCO,DR5IPCFW280711
GCCAAT_CGACG_1__DCO_RESQ_Bv4v5__DCO_LIN_TWNCO2_22_2547m__20190326,DCO_LIN,TWNCO2_22_2547m
GCCAAT_CTACT_1__DCO_RESQ_Bv4v5__DCO_TCO_BE326FW250111BH2__20190326,DCO_TCO,BE326FW250111BH2
GCCAAT_GACAG_1__DCO_RESQ_Bv4v5__DCO_TCO_TT109FW060312BH2__20190326,DCO_TCO,TT109FW060312BH2
GCCAAT_GTCAC_1__DCO_RESQ_Bv4v5__DCO_TCO_BE326FW270712BH2__20190326,DCO_TCO,BE326FW270712BH2
GCCAAT_TACGC_1__DCO_RESQ_Bv4v5__DCO_LIN_TWNCO2_20_2465m__20190326,DCO_LIN,TWNCO2_20_2465m
GCCAAT_TGACT_1__DCO_RESQ_Bv4v5__DCO_TCO_NO14FW130912__20190326,DCO_TCO,NO14FW130912
GGCTAC_ACTGC_1__DCO_RESQ_Bv4v5__DCO_PPA_1301A_1b__20190326,DCO_PPA,1301A_1b
GGCTAC_ATGCT_1__DCO_RESQ_Bv4v5__DCO_PPA_1301A_3a__20190326,DCO_PPA,1301A_3a
GGCTAC_CGACG_1__DCO_RESQ_Bv4v5__DCO_PPA_1301A_3c__20190326,DCO_PPA,1301A_3c
GGCTAC_CTACT_1__DCO_RESQ_Bv4v5__DCO_PPA_1301A_3d__20190326,DCO_PPA,1301A_3d
GGCTAC_GACAG_1__DCO_RESQ_Bv4v5__DCO_PPA_1301A_1d__20190326,DCO_PPA,1301A_1d
GGCTAC_GTCAC_1__DCO_RESQ_Bv4v5__DCO_PPA_1301A_1c__20190326,DCO_PPA,1301A_1c
GGCTAC_TACGC_1__DCO_RESQ_Bv4v5__DCO_ORC_JdF4H2__20190326,DCO_ORC,JdF4H2
GGCTAC_TGACT_1__DCO_RESQ_Bv4v5__DCO_PPA_1301A_1a__20190326,DCO_PPA,1301A_1a
TAGCTT_ACTGC_1__DCO_RESQ_Bv4v5__DCO_ORC_JdF8X5__20190326,DCO_ORC,JdF8X5
TAGCTT_ATGCT_1__DCO_RESQ_Bv4v5__DCO_ORC_JdF4HCC__20190326,DCO_ORC,JdF4HCC
TAGCTT_CGACG_1__DCO_RESQ_Bv4v5__DCO_ORC_4H_3_upper__20190326,DCO_ORC,4H_3_upper
TAGCTT_CTACT_1__DCO_RESQ_Bv4v5__DCO_ORC_4H_1__20190326,DCO_ORC,4H_1
TAGCTT_GACAG_1__DCO_RESQ_Bv4v5__DCO_ORC_JdFback__20190326,DCO_ORC,JdFback
TAGCTT_GTCAC_1__DCO_RESQ_Bv4v5__DCO_ORC_JdF8X2__20190326,DCO_ORC,JdF8X2
TAGCTT_TACGC_1__DCO_RESQ_Bv4v5__DCO_ORC_JdF21R1B__20190326,DCO_ORC,JdF21R1B
TAGCTT_TGACT_1__DCO_RESQ_Bv4v5__DCO_ORC_JdF5X1__20190326,DCO_ORC,JdF5X1
TGACCA_CGACG_1__DCO_RESQ_Bv4v5__DCO_ORC_IODP_X336_U1383C_30R__20190326,DCO_ORC,IODP_X336_U1383C_30R
TGACCA_CTACT_1__DCO_RESQ_Bv4v5__DCO_ORC_IODP_X336_U1383D_5H4__20190326,DCO_ORC,IODP_X336_U1383D_5H4
TTAGGC_GTCAC_1__DCO_RESQ_Bv4v5__DCO_BRG_Site17A_447mbsf__20190326,DCO_BRG,Site17A_447mbsf
ATCACG_ACTGC_1__DCO_SAR2_Bv4v5__C1_AA_Bac__20190402,DCO_SAR2,C1_AA_Bac
ATCACG_ATGCT_1__DCO_SAR2_Bv4v5__C2_IR_Bac__20190402,DCO_SAR2,C2_IR_Bac
ATCACG_CGACG_1__DCO_SAR2_Bv4v5__C1_SR_Bac__20190402,DCO_SAR2,C1_SR_Bac
ATCACG_CTACT_1__DCO_SAR2_Bv4v5__C1_IR_Bac__20190402,DCO_SAR2,C1_IR_Bac
ATCACG_GACAG_1__DCO_SAR2_Bv4v5__C2_SR_Bac__20190402,DCO_SAR2,C2_SR_Bac
ATCACG_GTCAC_1__DCO_SAR2_Bv4v5__C2_NR_Bac__20190402,DCO_SAR2,C2_NR_Bac
ATCACG_TACGC_1__DCO_SAR2_Bv4v5__C1_NR_Bac__20190402,DCO_SAR2,C1_NR_Bac
ATCACG_TGACT_1__DCO_SAR2_Bv4v5__C1_AM_Bac__20190402,DCO_SAR2,C1_AM_Bac
CGATGT_CGACG_1__DCO_SAR2_Bv4v5__C2_AA_Bac__20190402,DCO_SAR2,C2_AA_Bac
CGATGT_CTACT_1__DCO_SAR2_Bv4v5__RC_Bac__20190402,DCO_SAR2,RC_Bac
CGATGT_TACGC_1__DCO_SAR2_Bv4v5__C2_AM_Bac__20190402,DCO_SAR2,C2_AM_Bac
ACAGTG_ACTGC_1__DCO_RESQ_Bv4v5__DCO_BOM_983_Itavaara_OL_KR23_424m__20190408,DCO_BOM,983_Itavaara_OL_KR23_424m
ACAGTG_ATGCT_1__DCO_RESQ_Bv4v5__DCO_BOM_1040_Itavaara_OL_KR29_801m__20190408,DCO_BOM,1040_Itavaara_OL_KR29_801m
ACAGTG_GACAG_1__DCO_RESQ_Bv4v5__DCO_BOM_995_Itavaara_OL_KR2_596m__20190408,DCO_BOM,995_Itavaara_OL_KR2_596m
ACAGTG_GTCAC_1__DCO_RESQ_Bv4v5__DCO_BOM_982_Itavaara_OL_KR49_532m__20190408,DCO_BOM,982_Itavaara_OL_KR49_532m
ACAGTG_TACGC_1__DCO_RESQ_Bv4v5__DCO_BRA_IODP_331_Site_C14D_2_3__20190408,DCO_BRA,IODP_331_Site_C14D_2_3
ACAGTG_TGACT_1__DCO_RESQ_Bv4v5__DCO_BOM_301_Itavaara_OL_KR9_564m__20190408,DCO_BOM,301_Itavaara_OL_KR9_564m
ATCACG_ACTGC_1__DCO_RESQ_Bv4v5__DCO_SYL_1374_8R_Bac__20190408,DCO_SYL,1374_8R_Bac
ATCACG_ATGCT_1__DCO_RESQ_Bv4v5__DCO_PED_SURE2_C1_3_1_cell2__20190408,DCO_PED,SURE2_C1_3_1_cell2
ATCACG_CGACG_1__DCO_RESQ_Bv4v5__DCO_SYL_1374_27R_Bac__20190408,DCO_SYL,1374_27R_Bac
ATCACG_CTACT_1__DCO_RESQ_Bv4v5__DCO_SYL_1374_20R_Bac__20190408,DCO_SYL,1374_20R_Bac
ATCACG_GACAG_1__DCO_RESQ_Bv4v5__DCO_PED_ONK_PVA10__20190408,DCO_PED,ONK_PVA10
ATCACG_GTCAC_1__DCO_RESQ_Bv4v5__DCO_PED_SURE2_P7_S1__20190408,DCO_PED,SURE2_P7_S1
ATCACG_TACGC_1__DCO_RESQ_Bv4v5__DCO_SYL_1374_31R_Bac__20190408,DCO_SYL,1374_31R_Bac
CGATGT_ACTGC_1__DCO_RESQ_Bv4v5__DCO_PED_KA3110A_2__20190408,DCO_PED,KA3110A_2
CGATGT_ATGCT_1__DCO_RESQ_Bv4v5__DCO_PED_KA2198A_Prov_1__20190408,DCO_PED,KA2198A_Prov_1
CGATGT_CGACG_1__DCO_RESQ_Bv4v5__DCO_PED_SURE2_P7_S3__20190408,DCO_PED,SURE2_P7_S3
CGATGT_CTACT_1__DCO_RESQ_Bv4v5__DCO_PED_SURE2_P7_S2__20190408,DCO_PED,SURE2_P7_S2
CGATGT_GACAG_1__DCO_RESQ_Bv4v5__DCO_PED_KA3510A_Prov_1__20190408,DCO_PED,KA3510A_Prov_1
CGATGT_GTCAC_1__DCO_RESQ_Bv4v5__DCO_PED_ONK_PVA1__20190408,DCO_PED,ONK_PVA1
CGATGT_TACGC_1__DCO_RESQ_Bv4v5__DCO_PED_ONK_PVA6__20190408,DCO_PED,ONK_PVA6
CGATGT_TGACT_1__DCO_RESQ_Bv4v5__DCO_PED_ONK_PVA06_2__20190408,DCO_PED,ONK_PVA06_2
GCCAAT_CGACG_1__DCO_RESQ_Bv4v5__DCO_BOM_303_Itavaara_OL_KR9_468m__20190408,DCO_BOM,303_Itavaara_OL_KR9_468m
GCCAAT_CTACT_1__DCO_RESQ_Bv4v5__DCO_BOM_437_Itavaara_OL_KR5_457m__20190408,DCO_BOM,437_Itavaara_OL_KR5_457m
GCCAAT_GACAG_1__DCO_RESQ_Bv4v5__DCO_BOM_449_Itavaara_OL_KR44_775m__20190408,DCO_BOM,449_Itavaara_OL_KR44_775m
GCCAAT_GTCAC_1__DCO_RESQ_Bv4v5__DCO_BOM_1039_Itavaara_OL_KR6_422m__20190408,DCO_BOM,1039_Itavaara_OL_KR6_422m
GCCAAT_TACGC_1__DCO_RESQ_Bv4v5__DCO_BOM_996_Itavaara_OL_KR13_360m__20190408,DCO_BOM,996_Itavaara_OL_KR13_360m
GCCAAT_TGACT_1__DCO_RESQ_Bv4v5__DCO_BOM_994_Itavaara_OL_KR1_609m__20190408,DCO_BOM,994_Itavaara_OL_KR1_609m
TGACCA_ATGCT_1__DCO_RESQ_Bv4v5__DCO_BRA_IODP_331_Site_C14D_1_4__20190408,DCO_BRA,IODP_331_Site_C14D_1_4
TGACCA_GACAG_1__DCO_RESQ_Bv4v5__DCO_BRA_IODP_331_Site_C14D_1_3__20190408,DCO_BRA,IODP_331_Site_C14D_1_3
TGACCA_GTCAC_1__DCO_RESQ_Bv4v5__DCO_BRA_IODP_331_Site_C14D_1_1__20190408,DCO_BRA,IODP_331_Site_C14D_1_1
TTAGGC_ACTGC_1__DCO_RESQ_Bv4v5__DCO_PED_KA3385A_2__20190408,DCO_PED,KA3385A_2
TTAGGC_ATGCT_1__DCO_RESQ_Bv4v5__DCO_BRA_IODP_331_Site_C14B_1_1__20190408,DCO_BRA,IODP_331_Site_C14B_1_1
TTAGGC_CGACG_1__DCO_RESQ_Bv4v5__DCO_PED_KF0069A01_2__20190408,DCO_PED,KF0069A01_2
TTAGGC_CTACT_1__DCO_RESQ_Bv4v5__DCO_PED_ONK_KR15__20190408,DCO_PED,ONK_KR15
TTAGGC_GACAG_1__DCO_RESQ_Bv4v5__DCO_PED_ONK_PVA3__20190408,DCO_PED,ONK_PVA3
TTAGGC_GTCAC_1__DCO_RESQ_Bv4v5__DCO_PED_ONK_PVA5__20190408,DCO_PED,ONK_PVA5
TTAGGC_TACGC_1__DCO_RESQ_Bv4v5__DCO_PED_KJ0052F01_100L__20190408,DCO_PED,KJ0052F01_100L
TTAGGC_TGACT_1__DCO_RESQ_Bv4v5__DCO_PED_ONK_KR15_2__20190408,DCO_PED,ONK_KR15_2
ACAGTG_NNNNATGCT_1__DCO_BRZ_Bv4v5__Serp_TL_WHC75_DNA2_Jun11_Bv4v5__20130611,DCO_BRZ,Serp_TL_WHC75_DNA2_Jun11_Bv4v5
ACAGTG_NNNNCTACT_1__DCO_BRZ_Bv4v5__Serp_CRO_8B_AprC11_Bv4v5__20130611,DCO_BRZ,Serp_CRO_8B_AprC11_Bv4v5
ATCACG_NNNNCTACT_1__DCO_BRZ_Bv4v5__Serp_LIG_Gor_upB_Jul12_Bv4v5__20130611,DCO_BRZ,Serp_LIG_Gor_upB_Jul12_Bv4v5
ATCACG_NNNNTACGC_1__DCO_BRZ_Bv4v5__Serp_CRO_CSWold_11_11_Bv4v5__20130611,DCO_BRZ,Serp_CRO_CSWold_11_11_Bv4v5
CGATGT_NNNNACTGC_1__DCO_BRZ_Bv4v5__Serp_CRO_N08A_Aug11_Bv4v5__20130611,DCO_BRZ,Serp_CRO_N08A_Aug11_Bv4v5
CTTGTA_NNNNCGACG_1__DCO_BRZ_Bv4v5__Serp_LIG_L43_upstream_Oct11_Bv4v5__20130611,DCO_BRZ,Serp_LIG_L43_upstream_Oct11_Bv4v5
GATCAG_NNNNATGCT_1__DCO_BRZ_Bv4v5__Serp_CRO_QV13A_Aug12_Bv4v5__20130611,DCO_BRZ,Serp_CRO_QV13A_Aug12_Bv4v5
GATCAG_NNNNCGACG_1__DCO_BRZ_Bv4v5__Serp_LIG_BR2_back1_Jun12_Bv4v5__20130611,DCO_BRZ,Serp_LIG_BR2_back1_Jun12_Bv4v5
GCCAAT_NNNNCTACT_1__DCO_BRZ_Bv4v5__Serp_CRO_8B_AprD11_Bv4v5__20130611,DCO_BRZ,Serp_CRO_8B_AprD11_Bv4v5
GGCTAC_NNNNCGACG_1__DCO_BRZ_Bv4v5__Serp_LIG_Gor_upA_Jul12_Bv4v5__20130611,DCO_BRZ,Serp_LIG_Gor_upA_Jul12_Bv4v5
TAGCTT_NNNNCGACG_1__DCO_BRZ_Bv4v5__Serp_LIG_BR2_back2_Jun12_Bv4v5__20130611,DCO_BRZ,Serp_LIG_BR2_back2_Jun12_Bv4v5
TGACCA_NNNNATGCT_1__DCO_BRZ_Bv4v5__Serp_TL_WHC2C_DNA2_Jun11_Bv4v5__20130611,DCO_BRZ,Serp_TL_WHC2C_DNA2_Jun11_Bv4v5
TGACCA_NNNNCTACT_1__DCO_BRZ_Bv4v5__Serp_CRO_8A_Aug11_Bv4v5__20130611,DCO_BRZ,Serp_CRO_8A_Aug11_Bv4v5
TTAGGC_NNNNATGCT_1__DCO_BRZ_Bv4v5__Serp_TL_WHC2A_DNA3_Jun11_Bv4v5__20130611,DCO_BRZ,Serp_TL_WHC2A_DNA3_Jun11_Bv4v5
TTAGGC_NNNNCTACT_1__DCO_BRZ_Bv4v5__Serp_CRO_8A_Apr11_Bv4v5__20130611,DCO_BRZ,Serp_CRO_8A_Apr11_Bv4v5
ACTTGA_NNNNATGCT_1__DCO_BRZ_Bv4v5__Serp_CRO_CSW1_3B_Mar13__20130920,DCO_BRZ,Serp_CRO_CSW1_3B_Mar13
ACTTGA_NNNNGACAG_1__DCO_BRZ_Bv4v5__Serp_CRO_CSW1_2A_Mar13__20130920,DCO_BRZ,Serp_CRO_CSW1_2A_Mar13
ACTTGA_NNNNGTCAC_1__DCO_BRZ_Bv4v5__Serp_CRO_CSW1_4A_Mar13__20130920,DCO_BRZ,Serp_CRO_CSW1_4A_Mar13
CTTGTA_NNNNCTACT_1__DCO_BRZ_Bv4v5__Serp_TL_WHC2B_Aug10__20130920,DCO_BRZ,Serp_TL_WHC2B_Aug10
GATCAG_NNNNACTGC_1__DCO_BRZ_Bv4v5__Serp_CRO_QV1_3B_Mar13__20130920,DCO_BRZ,Serp_CRO_QV1_3B_Mar13
GATCAG_NNNNATGCT_1__DCO_BRZ_Bv4v5__Serp_CRO_CSWoldT0_Mar13__20130920,DCO_BRZ,Serp_CRO_CSWoldT0_Mar13
GATCAG_NNNNCGACG_1__DCO_BRZ_Bv4v5__Serp_CRO_CSW1_5A_Mar13__20130920,DCO_BRZ,Serp_CRO_CSW1_5A_Mar13
GATCAG_NNNNCTACT_1__DCO_BRZ_Bv4v5__Serp_CRO_N08AB_Mar13__20130920,DCO_BRZ,Serp_CRO_N08AB_Mar13
GATCAG_NNNNGACAG_1__DCO_BRZ_Bv4v5__Serp_CRO_CSWoldB_Mar13__20130920,DCO_BRZ,Serp_CRO_CSWoldB_Mar13
GATCAG_NNNNGTCAC_1__DCO_BRZ_Bv4v5__Serp_CRO_CSWoldA_Mar13__20130920,DCO_BRZ,Serp_CRO_CSWoldA_Mar13
GATCAG_NNNNTACGC_1__DCO_BRZ_Bv4v5__Serp_CRO_QV1_2B_Mar13__20130920,DCO_BRZ,Serp_CRO_QV1_2B_Mar13
GATCAG_NNNNTGACT_1__DCO_BRZ_Bv4v5__Serp_CRO_N08CA_Mar13__20130920,DCO_BRZ,Serp_CRO_N08CA_Mar13
TAGCTT_NNNNACTGC_1__DCO_BRZ_Bv4v5__Serp_CRO_CSW1_1A_Mar13__20130920,DCO_BRZ,Serp_CRO_CSW1_1A_Mar13
TAGCTT_NNNNCGACG_1__DCO_BRZ_Bv4v5__Serp_CRO_N08BB_Mar13__20130920,DCO_BRZ,Serp_CRO_N08BB_Mar13
TAGCTT_NNNNCTACT_1__DCO_BRZ_Bv4v5__Serp_CRO_N08T0_Mar13__20130920,DCO_BRZ,Serp_CRO_N08T0_Mar13
TAGCTT_NNNNGTCAC_1__DCO_BRZ_Bv4v5__Serp_LC1408__20130920,DCO_BRZ,Serp_LC1408
TAGCTT_NNNNTACGC_1__DCO_BRZ_Bv4v5__Serp_CRO_N08BA_Mar13__20130920,DCO_BRZ,Serp_CRO_N08BA_Mar13
TAGCTT_NNNNTGACT_1__DCO_BRZ_Bv4v5__Serp_CRO_QV1_1A_Mar13__20130920,DCO_BRZ,Serp_CRO_QV1_1A_Mar13
ACTTGA_NNNNCTACT_1__DCO_BRZ_Bv4v5__Serp_LC_BB6__20140221,DCO_BRZ,Serp_LC_BB6
ACTTGA_NNNNTGACT_1__DCO_BRZ_Bv4v5__Serp_LC_BB21__20140221,DCO_BRZ,Serp_LC_BB21
CAGATC_NNNNTGACT_1__DCO_BRZ_Bv4v5__Serp_LC_BB20__20140221,DCO_BRZ,Serp_LC_BB20
CGATGT_NNNNTGACT_1__DCO_BRZ_Bv4v5__Serp_LC_BB13__20140221,DCO_BRZ,Serp_LC_BB13
CTTGTA_NNNNATGCT_1__DCO_BRZ_Bv4v5__Serp_Lig_GOR1CDEF_2013__20140221,DCO_BRZ,Serp_Lig_GOR1CDEF_2013
GATCAG_NNNNATGCT_1__DCO_BRZ_Bv4v5__Serp_Lig_GORupA_2013__20140221,DCO_BRZ,Serp_Lig_GORupA_2013
GATCAG_NNNNTGACT_1__DCO_BRZ_Bv4v5__Serp_LC_BB22__20140221,DCO_BRZ,Serp_LC_BB22
GGCTAC_NNNNATGCT_1__DCO_BRZ_Bv4v5__Serp_Lig_GOR1AB_2013__20140221,DCO_BRZ,Serp_Lig_GOR1AB_2013
GGCTAC_NNNNTGACT_1__DCO_BRZ_Bv4v5__Serp_LC_BB31__20140221,DCO_BRZ,Serp_LC_BB31
TAGCTT_NNNNATGCT_1__DCO_BRZ_Bv4v5__Serp_Lig_GORupB_2013__20140221,DCO_BRZ,Serp_Lig_GORupB_2013
TGACCA_NNNNACTGC_1__DCO_BRZ_Bv4v5__Serp_LC_BB36__20140221,DCO_BRZ,Serp_LC_BB36
TTAGGC_NNNNACTGC_1__DCO_BRZ_Bv4v5__Serp_LC_BB35__20140221,DCO_BRZ,Serp_LC_BB35
ACAGTG_NNNNATGCT_1__DCO_BRZ_Bv4v5__N08A_B_Aug13__20150205,DCO_BRZ,N08A_B_Aug13
ACAGTG_NNNNCGACG_1__DCO_BRZ_Bv4v5__CRO_QV1_2C_Aug13__20150205,DCO_BRZ,CRO_QV1_2C_Aug13
ACTTGA_NNNNATGCT_1__DCO_BRZ_Bv4v5__N08A_A_Dec13__20150205,DCO_BRZ,N08A_A_Dec13
ACTTGA_NNNNCGACG_1__DCO_BRZ_Bv4v5__CRO_CSW1_1C_Jul14__20150205,DCO_BRZ,CRO_CSW1_1C_Jul14
ACTTGA_NNNNGACAG_1__DCO_BRZ_Bv4v5__N08B_July11__20150205,DCO_BRZ,N08B_July11
ACTTGA_NNNNTACGC_1__DCO_BRZ_Bv4v5__CRO_CSW1_1C_Aug13__20150205,DCO_BRZ,CRO_CSW1_1C_Aug13
ATCACG_NNNNATGCT_1__DCO_BRZ_Bv4v5__N08Aa_Aug12__20150205,DCO_BRZ,N08Aa_Aug12
ATCACG_NNNNCGACG_1__DCO_BRZ_Bv4v5__CRO_QV1_1B_Aug13__20150205,DCO_BRZ,CRO_QV1_1B_Aug13
ATCACG_NNNNCTACT_1__DCO_BRZ_Bv4v5__CRO_QV1_1C_Jul14__20150205,DCO_BRZ,CRO_QV1_1C_Jul14
CAGATC_NNNNATGCT_1__DCO_BRZ_Bv4v5__CSWold_A_Dec13__20150205,DCO_BRZ,CSWold_A_Dec13
CAGATC_NNNNCGACG_1__DCO_BRZ_Bv4v5__CRO_CSW1_1B_Jul14__20150205,DCO_BRZ,CRO_CSW1_1B_Jul14
CAGATC_NNNNTACGC_1__DCO_BRZ_Bv4v5__CRO_CSW1_1B_Aug13__20150205,DCO_BRZ,CRO_CSW1_1B_Aug13
CGATGT_NNNNATGCT_1__DCO_BRZ_Bv4v5__N08Ba_Aug12__20150205,DCO_BRZ,N08Ba_Aug12
CGATGT_NNNNCGACG_1__DCO_BRZ_Bv4v5__CRO_QV1_1C_Aug13__20150205,DCO_BRZ,CRO_QV1_1C_Aug13
CGATGT_NNNNCTACT_1__DCO_BRZ_Bv4v5__CRO_QV1_2A_Jul14__20150205,DCO_BRZ,CRO_QV1_2A_Jul14
CTTGTA_NNNNATGCT_1__DCO_BRZ_Bv4v5__N08Bb_Aug12__20150205,DCO_BRZ,N08Bb_Aug12
CTTGTA_NNNNCGACG_1__DCO_BRZ_Bv4v5__CRO_QV1_1B_Jul14__20150205,DCO_BRZ,CRO_QV1_1B_Jul14
CTTGTA_NNNNGACAG_1__DCO_BRZ_Bv4v5__N5A_Aug12__20150205,DCO_BRZ,N5A_Aug12
CTTGTA_NNNNTACGC_1__DCO_BRZ_Bv4v5__CRO_QV1_1A_Aug13__20150205,DCO_BRZ,CRO_QV1_1A_Aug13
GATCAG_NNNNATGCT_1__DCO_BRZ_Bv4v5__N08B_A_Dec13__20150205,DCO_BRZ,N08B_A_Dec13
GATCAG_NNNNCGACG_1__DCO_BRZ_Bv4v5__CRO_CSW1_3A_Jul14__20150205,DCO_BRZ,CRO_CSW1_3A_Jul14
GATCAG_NNNNTACGC_1__DCO_BRZ_Bv4v5__CRO_CSW1_3A_Aug13__20150205,DCO_BRZ,CRO_CSW1_3A_Aug13
GCCAAT_NNNNATGCT_1__DCO_BRZ_Bv4v5__N08C_A_Aug13__20150205,DCO_BRZ,N08C_A_Aug13
GCCAAT_NNNNCGACG_1__DCO_BRZ_Bv4v5__CRO_CSW1_1A_Jul14__20150205,DCO_BRZ,CRO_CSW1_1A_Jul14
GCCAAT_NNNNTACGC_1__DCO_BRZ_Bv4v5__CRO_CSW1_1A_Aug13__20150205,DCO_BRZ,CRO_CSW1_1A_Aug13
GGCTAC_NNNNATGCT_1__DCO_BRZ_Bv4v5__N08Bc_Aug12__20150205,DCO_BRZ,N08Bc_Aug12
GGCTAC_NNNNCGACG_1__DCO_BRZ_Bv4v5__CRO_QV1_1A_Jul14__20150205,DCO_BRZ,CRO_QV1_1A_Jul14
GGCTAC_NNNNGACAG_1__DCO_BRZ_Bv4v5__N1A_Aug12__20150205,DCO_BRZ,N1A_Aug12
GGCTAC_NNNNTACGC_1__DCO_BRZ_Bv4v5__CRO_CSW1_3C_Aug13__20150205,DCO_BRZ,CRO_CSW1_3C_Aug13
TAGCTT_NNNNATGCT_1__DCO_BRZ_Bv4v5__N08C_A_Dec13__20150205,DCO_BRZ,N08C_A_Dec13
TAGCTT_NNNNCGACG_1__DCO_BRZ_Bv4v5__CRO_CSW1_3B_Jul14__20150205,DCO_BRZ,CRO_CSW1_3B_Jul14
TAGCTT_NNNNGACAG_1__DCO_BRZ_Bv4v5__CSWold_Mar12__20150205,DCO_BRZ,CSWold_Mar12
TAGCTT_NNNNTACGC_1__DCO_BRZ_Bv4v5__CRO_CSW1_3B_Aug13__20150205,DCO_BRZ,CRO_CSW1_3B_Aug13
TGACCA_NNNNATGCT_1__DCO_BRZ_Bv4v5__N08B_A_Aug13__20150205,DCO_BRZ,N08B_A_Aug13
TGACCA_NNNNCGACG_1__DCO_BRZ_Bv4v5__CRO_QV1_2B_Aug13__20150205,DCO_BRZ,CRO_QV1_2B_Aug13
TTAGGC_NNNNATGCT_1__DCO_BRZ_Bv4v5__CSWold_A_Aug13__20150205,DCO_BRZ,CSWold_A_Aug13
TTAGGC_NNNNCGACG_1__DCO_BRZ_Bv4v5__CRO_QV1_2A_Aug13__20150205,DCO_BRZ,CRO_QV1_2A_Aug13
TTAGGC_NNNNCTACT_1__DCO_BRZ_Bv4v5__CRO_QV1_2B_Jul14__20150205,DCO_BRZ,CRO_QV1_2B_Jul14
ACGCAA_NNNNACTCG_1__DCO_RUS_Av4v5__Blank_1__20150605,DCO_RUS,Blank_1
ATATGC_NNNNAGTGT_1__DCO_LAZ_Av4v5__PC3C__20150605,DCO_LAZ,PC3C
ATATGC_NNNNATAGT_1__DCO_LAZ_Av4v5__PC4A__20150605,DCO_LAZ,PC4A
ATATGC_NNNNCGAGT_1__DCO_LAZ_Av4v5__PC4B__20150605,DCO_LAZ,PC4B
CTCGTA_NNNNACTCG_1__DCO_LAZ_Av4v5__PC2B__20150605,DCO_LAZ,PC2B
CTCGTA_NNNNAGTGT_1__DCO_LAZ_Av4v5__PC2C__20150605,DCO_LAZ,PC2C
CTCGTA_NNNNATACG_1__DCO_LAZ_Av4v5__PC2A__20150605,DCO_LAZ,PC2A
CTCGTA_NNNNATAGT_1__DCO_LAZ_Av4v5__PC2D__20150605,DCO_LAZ,PC2D
CTCGTA_NNNNCGAGT_1__DCO_LAZ_Av4v5__PC3A__20150605,DCO_LAZ,PC3A
CTCGTA_NNNNCGCGA_1__DCO_LAZ_Av4v5__PC3B__20150605,DCO_LAZ,PC3B
CTCGTA_NNNNTAGTG_1__DCO_LAZ_Av4v5__PC1A__20150605,DCO_LAZ,PC1A
CTCGTA_NNNNTCGAG_1__DCO_LAZ_Av4v5__GC03top__20150605,DCO_LAZ,GC03top
GAGTTG_NNNNCGAGT_1__DCO_RUS_Av4v5__O_3__20150605,DCO_RUS,O_3
GAGTTG_NNNNCGCGA_1__DCO_RUS_Av4v5__O_12__20150605,DCO_RUS,O_12
ACGACT_NNNNAGTGT_1__DCO_ONS_Av4v5__A_BE326FW250111__20150806,DCO_ONS,A_BE326FW250111
ACGACT_NNNNATACG_1__DCO_LOIH_Av4v5__J676red_Av4v5__20150806,DCO_LOIH,J676red_Av4v5
ACGACT_NNNNATAGT_1__DCO_ONS_Av4v5__A_BE326FW270712__20150806,DCO_ONS,A_BE326FW270712
ACGACT_NNNNCGAGT_1__DCO_ONS_Av4v5__A_BE326FW150813MF__20150806,DCO_ONS,A_BE326FW150813MF
ACGACT_NNNNTCGAG_1__DCO_LOIH_Av4v5__J672yellow_Av4v5__20150806,DCO_LOIH,J672yellow_Av4v5
AGATAC_NNNNAGTGT_1__DCO_ONS_Av4v5__A_BE326FW150813_cap__20150806,DCO_ONS,A_BE326FW150813_cap
AGATAC_NNNNATACG_1__DCO_ONS_Av4v5__A_BE326FW080813_cap__20150806,DCO_ONS,A_BE326FW080813_cap
AGATAC_NNNNCGAGT_1__DCO_ONS_Av4v5__A_DR5IPC280711__20150806,DCO_ONS,A_DR5IPC280711
AGATAC_NNNNCGCGA_1__DCO_ONS_Av4v5__A_DR5IPC280513__20150806,DCO_ONS,A_DR5IPC280513
AGATAC_NNNNTCGAG_1__DCO_ONS_Av4v5__A_BE326FW010813_cap__20150806,DCO_ONS,A_BE326FW010813_cap
TATCGC_NNNNACTCG_1__DCO_GMSB_Av4v5__P6_3__20150806,DCO_GMSB,P6_3
TATCGC_NNNNAGTGT_1__DCO_GMSB_Av4v5__P6_4__20150806,DCO_GMSB,P6_4
TATCGC_NNNNATACG_1__DCO_GMSB_Av4v5__P3_4__20150806,DCO_GMSB,P3_4
TATCGC_NNNNATAGT_1__DCO_GMSB_Av4v5__P10_2__20150806,DCO_GMSB,P10_2
TATCGC_NNNNCGAGT_1__DCO_GMSB_Av4v5__P10_4__20150806,DCO_GMSB,P10_4
TATCGC_NNNNCGCGA_1__DCO_GMSB_Av4v5__P11_2__20150806,DCO_GMSB,P11_2
TATCGC_NNNNTAGTG_1__DCO_GMSB_Av4v5__P4_3__20150806,DCO_GMSB,P4_3
TGCTCG_NNNNAGTGT_1__DCO_LOIH_Av4v5__J672black_Av4v5__20150806,DCO_LOIH,J672black_Av4v5
TGCTCG_NNNNATACG_1__DCO_GMSB_Av4v5__P13_4__20150806,DCO_GMSB,P13_4
TGCTCG_NNNNCGAGT_1__DCO_LOIH_Av4v5__J676black_Av4v5__20150806,DCO_LOIH,J676black_Av4v5
TGCTCG_NNNNCGCGA_1__DCO_LOIH_Av4v5__J675red2black2_Av4v5__20150806,DCO_LOIH,J675red2black2_Av4v5
TGCTCG_NNNNTAGTG_1__DCO_GMSB_Av4v5__P12_4__20150806,DCO_GMSB,P12_4
TGCTCG_NNNNTCGAG_1__DCO_GMSB_Av4v5__P11_5__20150806,DCO_GMSB,P11_5
ACGCAA_NNNNATAGT_1__DCO_LOIH_Av4v5__J675yellow_Av4v5__20151006,DCO_LOIH,J675yellow_Av4v5
ACGCAA_NNNNCGCGA_1__DCO_LOIH_Av4v5__J675red2black2_B__20151006,DCO_LOIH,J675red2black2_B
CTCGTA_NNNNTAGTG_1__DCO_LOIH_Av4v5__J2_672_BM1_B12345__20151006,DCO_LOIH,J2_672_BM1_B12345
CTCGTA_NNNNTCGAG_1__DCO_LOIH_Av4v5__J2_674_Scoop_2__20151006,DCO_LOIH,J2_674_Scoop_2
GAGTTG_NNNNACTCG_1__DCO_LAZ_Av4v5__PC1A_2__20151006,DCO_LAZ,PC1A_2
GAGTTG_NNNNAGTGT_1__DCO_LAZ_Av4v5__PC3A_2__20151006,DCO_LAZ,PC3A_2
GAGTTG_NNNNATAGT_1__DCO_LAZ_Av4v5__PC3B_2__20151006,DCO_LAZ,PC3B_2
GAGTTG_NNNNCGAGT_1__DCO_LAZ_Av4v5__PC3C_2__20151006,DCO_LAZ,PC3C_2
ATATGC_NNNNACTCG_1__DCO_KLA_Av4v5__Venere_flow_80_m_from_summit_2__20151110,DCO_KLA,Venere_flow_80_m_from_summit_2
ATATGC_NNNNAGTGT_1__DCO_KLA_Av4v5__Venere_flow_80_m_from_summit_48__20151110,DCO_KLA,Venere_flow_80_m_from_summit_48
ATATGC_NNNNATACG_1__DCO_KLA_Av4v5__Venere_summit_470__20151110,DCO_KLA,Venere_summit_470
ATATGC_NNNNATAGT_1__DCO_KLA_Av4v5__Venere_flow_80_m_from_summit_267__20151110,DCO_KLA,Venere_flow_80_m_from_summit_267
ATATGC_NNNNCGAGT_1__DCO_KLA_Av4v5__Venere_flow_150_m_from_summit_5__20151110,DCO_KLA,Venere_flow_150_m_from_summit_5
ATATGC_NNNNCGCGA_1__DCO_KLA_Av4v5__Venere_flow_150_m_from_summit_60__20151110,DCO_KLA,Venere_flow_150_m_from_summit_60
ATATGC_NNNNTAGTG_1__DCO_KLA_Av4v5__Venere_summit_88__20151110,DCO_KLA,Venere_summit_88
ATATGC_NNNNTCGAG_1__DCO_KLA_Av4v5__Venere_summit_2__20151110,DCO_KLA,Venere_summit_2
GAGTTG_NNNNCGCGA_1__DCO_KLA_Av4v5__Extraction_blank__20151110,DCO_KLA,Extraction_blank
GAGTTG_NNNNTAGTG_1__DCO_KLA_Av4v5__Cetus_summit_220__20151110,DCO_KLA,Cetus_summit_220
GAGTTG_NNNNTCGAG_1__DCO_KLA_Av4v5__Cetus_summit_40__20151110,DCO_KLA,Cetus_summit_40
ACGACT_NNNNTAGTG_1__DCO_TIA2_Av4v5__A502GCA__20160504,DCO_TIA2,A502GCA
ACGACT_NNNNTCGAG_1__DCO_TIA2_Av4v5__A301GC__20160504,DCO_TIA2,A301GC
TGCTCG_NNNNACTCG_1__DCO_TIA2_Av4v5__A502MO__20160504,DCO_TIA2,A502MO
TGCTCG_NNNNAGTGT_1__DCO_TIA2_Av4v5__A303GC__20160504,DCO_TIA2,A303GC
TGCTCG_NNNNATACG_1__DCO_TIA2_Av4v5__A302MO__20160504,DCO_TIA2,A302MO
TGCTCG_NNNNATAGT_1__DCO_TIA2_Av4v5__A501GC__20160504,DCO_TIA2,A501GC
TGCTCG_NNNNCGAGT_1__DCO_TIA2_Av4v5__A502GCB__20160504,DCO_TIA2,A502GCB
TGCTCG_NNNNCGCGA_1__DCO_TIA2_Av4v5__A502MOB__20160504,DCO_TIA2,A502MOB
TGCTCG_NNNNTAGTG_1__DCO_TIA2_Av4v5__A301MO__20160504,DCO_TIA2,A301MO
TGCTCG_NNNNTCGAG_1__DCO_TIA2_Av4v5__A501MO__20160504,DCO_TIA2,A501MO
ACGACT_NNNNACTCG_1__DCO_PIN_Av4v5__B3___20160922,DCO_PIN,B3_
ACGACT_NNNNAGTGT_1__DCO_PIN_Av4v5__B4___20160922,DCO_PIN,B4_
ACGACT_NNNNATACG_1__DCO_PIN_Av4v5__B2___20160922,DCO_PIN,B2_
ACGACT_NNNNATAGT_1__DCO_PIN_Av4v5__B5___20160922,DCO_PIN,B5_
ACGACT_NNNNCGAGT_1__DCO_PIN_Av4v5__B6___20160922,DCO_PIN,B6_
ACGACT_NNNNCGCGA_1__DCO_PIN_Av4v5__BL_Control__20160922,DCO_PIN,BL_Control
ACGACT_NNNNTAGTG_1__DCO_PIN_Av4v5__B1___20160922,DCO_PIN,B1_
ACGACT_NNNNTCGAG_1__DCO_PIN_Av4v5__A5___20160922,DCO_PIN,A5_
TATCGC_NNNNACTCG_1__DCO_TAS_Av4v5__S2_30__20160922,DCO_TAS,S2_30
TATCGC_NNNNAGTGT_1__DCO_TAS_Av4v5__S3_10__20160922,DCO_TAS,S3_10
TATCGC_NNNNATACG_1__DCO_TAS_Av4v5__S2_10__20160922,DCO_TAS,S2_10
TATCGC_NNNNATAGT_1__DCO_TAS_Av4v5__S3_30__20160922,DCO_TAS,S3_30
TATCGC_NNNNCGAGT_1__DCO_TAS_Av4v5__S4_10__20160922,DCO_TAS,S4_10
TATCGC_NNNNCGCGA_1__DCO_TAS_Av4v5__S4_30__20160922,DCO_TAS,S4_30
TATCGC_NNNNTAGTG_1__DCO_TAS_Av4v5__S1_30__20160922,DCO_TAS,S1_30
TATCGC_NNNNTCGAG_1__DCO_TAS_Av4v5__S1_10__20160922,DCO_TAS,S1_10
TGCTCG_NNNNACTCG_1__DCO_TAS_Av4v5__S7___20160922,DCO_TAS,S7_
TGCTCG_NNNNAGTGT_1__DCO_PIN_Av4v5__A1___20160922,DCO_PIN,A1_
TGCTCG_NNNNATACG_1__DCO_TAS_Av4v5__S6___20160922,DCO_TAS,S6_
TGCTCG_NNNNATAGT_1__DCO_PIN_Av4v5__A2___20160922,DCO_PIN,A2_
TGCTCG_NNNNCGAGT_1__DCO_PIN_Av4v5__A3___20160922,DCO_PIN,A3_
TGCTCG_NNNNCGCGA_1__DCO_PIN_Av4v5__A4___20160922,DCO_PIN,A4_
TGCTCG_NNNNTAGTG_1__DCO_TAS_Av4v5__S5_30__20160922,DCO_TAS,S5_30
TGCTCG_NNNNTCGAG_1__DCO_TAS_Av4v5__S5_10__20160922,DCO_TAS,S5_10
CAATCT_NNNNCGAGT_1__DCO_MAR_Av4v5__7A___20170223,DCO_MAR,7A_
CAATCT_NNNNCGCGA_1__DCO_MAR_Av4v5__8A___20170223,DCO_MAR,8A_
GTAACT_NNNNTAGTG_1__DCO_MAR_Av4v5__10A__20170223,DCO_MAR,10A
GTAACT_NNNNTCGAG_1__DCO_MAR_Av4v5__9A___20170223,DCO_MAR,9A_
AATTTG_NNNNAGTGT_1__DCO_JOYE_Av4v5__MC118_1015__20171214,DCO_JOYE,MC118_1015
AATTTG_NNNNATACG_1__DCO_JOYE_Av4v5__GC767_1015__20171214,DCO_JOYE,GC767_1015
AATTTG_NNNNTAGTG_1__DCO_JOYE_Av4v5__GC600_1015__20171214,DCO_JOYE,GC600_1015
AATTTG_NNNNTCGAG_1__DCO_RUF2_Av4v5__TOR_Ref_1__20171214,DCO_RUF2,TOR_Ref_1
ACGACT_NNNNACTCG_1__DCO_RUF1_Av4v5__GB_Enr_25__20171214,DCO_RUF1,GB_Enr_25
ACGACT_NNNNAGTGT_1__DCO_RUF1_Av4v5__GB_Enr_11__20171214,DCO_RUF1,GB_Enr_11
ACGACT_NNNNATACG_1__DCO_RUF1_Av4v5__GB_Enr_10__20171214,DCO_RUF1,GB_Enr_10
ACGACT_NNNNATAGT_1__DCO_RUF1_Av4v5__GB_Enr_28__20171214,DCO_RUF1,GB_Enr_28
ACGACT_NNNNTAGTG_1__DCO_RUF1_Av4v5__GB_Enr_2__20171214,DCO_RUF1,GB_Enr_2
ACGCAA_NNNNACTCG_1__DCO_LLO_Av4v5__MTF_MT170219__20171214,DCO_LLO,MTF_MT170219
ACGCAA_NNNNAGTGT_1__DCO_LLO_Av4v5__PFF_PF170224__20171214,DCO_LLO,PFF_PF170224
ACGCAA_NNNNATACG_1__DCO_LLO_Av4v5__FAF_FA170219__20171214,DCO_LLO,FAF_FA170219
ACGCAA_NNNNATAGT_1__DCO_LLO_Av4v5__PGF_PG170224__20171214,DCO_LLO,PGF_PG170224
ACGCAA_NNNNTAGTG_1__DCO_LLO_Av4v5__ETF_ET170220__20171214,DCO_LLO,ETF_ET170220
AGATAC_NNNNACTCG_1__DCO_RUF1_Av4v5__GB_Enr_15__20171214,DCO_RUF1,GB_Enr_15
AGATAC_NNNNATACG_1__DCO_RUF1_Av4v5__GB_Enr_8__20171214,DCO_RUF1,GB_Enr_8
AGATAC_NNNNTAGTG_1__DCO_RUF1_Av4v5__GB_Enr_24__20171214,DCO_RUF1,GB_Enr_24
AGATAC_NNNNTCGAG_1__DCO_RUF1_Av4v5__GB_Enr_13__20171214,DCO_RUF1,GB_Enr_13
ATATGC_NNNNCGAGT_1__DCO_LLO_Av4v5__SIS_SI170217__20171214,DCO_LLO,SIS_SI170217
ATATGC_NNNNCGCGA_1__DCO_LLO_Av4v5__SLS_SL170214_S__20171214,DCO_LLO,SLS_SL170214_S
ATATGC_NNNNTCGAG_1__DCO_LLO_Av4v5__PLS_PL170224__20171214,DCO_LLO,PLS_PL170224
CAATCT_NNNNACTCG_1__DCO_JOYE_Av4v5__OC26_Microcosm__20171214,DCO_JOYE,OC26_Microcosm
CAATCT_NNNNAGTGT_1__DCO_JOYE_Av4v5__MC118_Microcosm__20171214,DCO_JOYE,MC118_Microcosm
CAATCT_NNNNATACG_1__DCO_LLO_Av4v5__PBS_Poas_Background__20171214,DCO_LLO,PBS_Poas_Background
CAATCT_NNNNATAGT_1__DCO_LLO_Av4v5__S14_S_14__20171214,DCO_LLO,S14_S_14
CAATCT_NNNNCGCGA_1__DCO_LLO_Av4v5__BRS1_BR170218_1__20171214,DCO_LLO,BRS1_BR170218_1
CAATCT_NNNNTCGAG_1__DCO_JOYE_Av4v5__MC118_1520__20171214,DCO_JOYE,MC118_1520
CCCTCG_NNNNATACG_1__DCO_RUF2_Av4v5__RR_Ref_1__20171214,DCO_RUF2,RR_Ref_1
CTCGTA_NNNNACTCG_1__DCO_LLO_Av4v5__QHF2_QH170212_2__20171214,DCO_LLO,QHF2_QH170212_2
CTCGTA_NNNNTCGAG_1__DCO_LLO_Av4v5__QNF_QN170220__20171214,DCO_LLO,QNF_QN170220
GAGTTG_NNNNATACG_1__DCO_LLO_Av4v5__VCS_VC170218__20171214,DCO_LLO,VCS_VC170218
GAGTTG_NNNNATAGT_1__DCO_LLO_Av4v5__BRF1_BR170218_1__20171214,DCO_LLO,BRF1_BR170218_1
GAGTTG_NNNNCGCGA_1__DCO_LLO_Av4v5__CYF_CY170214__20171214,DCO_LLO,CYF_CY170214
GAGTTG_NNNNTAGTG_1__DCO_LLO_Av4v5__TCS_TC170221_2__20171214,DCO_LLO,TCS_TC170221_2
GAGTTG_NNNNTCGAG_1__DCO_LLO_Av4v5__STS_ST170223__20171214,DCO_LLO,STS_ST170223
GTAACT_NNNNAGTGT_1__DCO_LLO_Av4v5__FAS_FA170219__20171214,DCO_LLO,FAS_FA170219
GTAACT_NNNNATACG_1__DCO_LLO_Av4v5__EPS_EP170215__20171214,DCO_LLO,EPS_EP170215
GTAACT_NNNNCGCGA_1__DCO_LLO_Av4v5__PGS_PG170224__20171214,DCO_LLO,PGS_PG170224
GTAACT_NNNNTAGTG_1__DCO_LLO_Av4v5__CYS_CY170214__20171214,DCO_LLO,CYS_CY170214
GTAACT_NNNNTCGAG_1__DCO_LLO_Av4v5__BRS2_BR170218_2__20171214,DCO_LLO,BRS2_BR170218_2
TATCGC_NNNNCGAGT_1__DCO_SWIR_Av4v5__RS_644_28A1__20171214,DCO_SWIR,RS_644_28A1
TATCGC_NNNNCGCGA_1__DCO_SWIR_Av4v5__RS_644_28A2__20171214,DCO_SWIR,RS_644_28A2
TATCGC_NNNNTAGTG_1__DCO_SWIR_Av4v5__RS_644_12A2__20171214,DCO_SWIR,RS_644_12A2
TATCGC_NNNNTCGAG_1__DCO_SWIR_Av4v5__RS_644_12A1__20171214,DCO_SWIR,RS_644_12A1
TGCTCG_NNNNACTCG_1__DCO_SWIR_Av4v5__RS_649_24A2__20171214,DCO_SWIR,RS_649_24A2
TGCTCG_NNNNATACG_1__DCO_SWIR_Av4v5__RS_649_24A1__20171214,DCO_SWIR,RS_649_24A1
TGCTCG_NNNNCGCGA_1__DCO_RUF1_Av4v5__AT_4862_8__20171214,DCO_RUF1,AT_4862_8
TGCTCG_NNNNTAGTG_1__DCO_SWIR_Av4v5__RS_644_25A2__20171214,DCO_SWIR,RS_644_25A2
TGCTCG_NNNNTCGAG_1__DCO_SWIR_Av4v5__RS_644_25A1__20171214,DCO_SWIR,RS_644_25A1
AGATAC_NNNNATAGT_1__DCO_JOYE_Av4v5__GC600_1520__20180522,DCO_JOYE,GC600_1520
AGATAC_NNNNCGAGT_1__DCO_JOYE_Av4v5__GC767_1520__20180522,DCO_JOYE,GC767_1520
AGATAC_NNNNCGCGA_1__DCO_JOYE_Av4v5__OC26_1520__20180522,DCO_JOYE,OC26_1520
ATATGC_NNNNAGTGT_1__DCO_WOY_Av4v5__170123GSB2__20180522,DCO_WOY,170123GSB2
ATATGC_NNNNCGAGT_1__DCO_WOY_Av4v5__170126ML1__20180522,DCO_WOY,170126ML1
ATATGC_NNNNCGCGA_1__DCO_WOY_Av4v5__170127ML2U__20180522,DCO_WOY,170127ML2U
CCCTCG_NNNNTAGTG_1__DCO_JOYE_Av4v5__GC767_Microcosm__20180522,DCO_JOYE,GC767_Microcosm
CCCTCG_NNNNTCGAG_1__DCO_JOYE_Av4v5__GC600_Microcosm__20180522,DCO_JOYE,GC600_Microcosm
GAGTTG_NNNNACTCG_1__DCO_WOY_Av4v5__170124PF1FL__20180522,DCO_WOY,170124PF1FL
GAGTTG_NNNNAGTGT_1__DCO_WOY_Av4v5__170126ML1FL__20180522,DCO_WOY,170126ML1FL
GAGTTG_NNNNATACG_1__DCO_WOY_Av4v5__170123GSC1FL__20180522,DCO_WOY,170123GSC1FL
GAGTTG_NNNNATAGT_1__DCO_WOY_Av4v5__170127ML2UFL__20180522,DCO_WOY,170127ML2UFL
GAGTTG_NNNNTAGTG_1__DCO_WOY_Av4v5__170127CC1__20180522,DCO_WOY,170127CC1
GAGTTG_NNNNTCGAG_1__DCO_WOY_Av4v5__170127ML2L__20180522,DCO_WOY,170127ML2L
TATCGC_NNNNATACG_1__DCO_TASP_Av4v5__P_3__20180522,DCO_TASP,P_3
TATCGC_NNNNATAGT_1__DCO_TASP_Av4v5__P_6__20180522,DCO_TASP,P_6
TATCGC_NNNNCGAGT_1__DCO_TASP_Av4v5__P_7__20180522,DCO_TASP,P_7
TATCGC_NNNNCGCGA_1__DCO_TASP_Av4v5__P_8__20180522,DCO_TASP,P_8
TGCTCG_NNNNACTCG_1__DCO_TASP_Av4v5__P11W__20180522,DCO_TASP,P11W
TGCTCG_NNNNATACG_1__DCO_TASP_Av4v5__P11__20180522,DCO_TASP,P11
TGCTCG_NNNNTAGTG_1__DCO_TASP_Av4v5__P10__20180522,DCO_TASP,P10
TGCTCG_NNNNTCGAG_1__DCO_TASP_Av4v5__P_9__20180522,DCO_TASP,P_9
CTCGTA_NNNNATACG_1__DCO_KAZ_Av4v5__S4_MT__20181107,DCO_KAZ,S4_MT
CTCGTA_NNNNTAGTG_1__DCO_KAZ_Av4v5__S3_MT__20181107,DCO_KAZ,S3_MT
CTCGTA_NNNNTCGAG_1__DCO_KAZ_Av4v5__S2_MT__20181107,DCO_KAZ,S2_MT
ACGCAA_NNNNTAGTG_1__DCO_TASP_Av4v5__P56__20190109,DCO_TASP,P56
ACGCAA_NNNNTCGAG_1__DCO_TASP_Av4v5__P46__20190109,DCO_TASP,P46
ATATGC_NNNNACTCG_1__DCO_LZA_Av4v5__AHS_5__20190109,DCO_LZA,AHS_5
ATATGC_NNNNAGTGT_1__DCO_LZA_Av4v5__AHS_6__20190109,DCO_LZA,AHS_6
ATATGC_NNNNATACG_1__DCO_LZA_Av4v5__AHS_4__20190109,DCO_LZA,AHS_4
ATATGC_NNNNATAGT_1__DCO_LZA_Av4v5__AHS_8__20190109,DCO_LZA,AHS_8
ATATGC_NNNNCGAGT_1__DCO_LZA_Av4v5__AHS_9__20190109,DCO_LZA,AHS_9
ATATGC_NNNNCGCGA_1__DCO_LZA_Av4v5__AHS_11__20190109,DCO_LZA,AHS_11
GAGTTG_NNNNACTCG_1__DCO_LZA_Av4v5__AHS_19__20190109,DCO_LZA,AHS_19
GAGTTG_NNNNAGTGT_1__DCO_LZA_Av4v5__AHS_20__20190109,DCO_LZA,AHS_20
GAGTTG_NNNNATACG_1__DCO_LZA_Av4v5__AHS_14__20190109,DCO_LZA,AHS_14
GAGTTG_NNNNATAGT_1__DCO_LZA_Av4v5__AHS_21__20190109,DCO_LZA,AHS_21
GAGTTG_NNNNCGCGA_1__DCO_TASP_Av4v5__P36__20190109,DCO_TASP,P36
GAGTTG_NNNNTAGTG_1__DCO_LZA_Av4v5__AHS_13__20190109,DCO_LZA,AHS_13
GAGTTG_NNNNTCGAG_1__DCO_LZA_Av4v5__AHS_12__20190109,DCO_LZA,AHS_12
AATTTG_NNNNACTCG_1__DCO_BMS_Av4v5__LP180406_s__20190218,DCO_BMS,LP180406_s
AATTTG_NNNNAGTGT_1__DCO_BMS_Av4v5__BS180407_s__20190218,DCO_BMS,BS180407_s
AATTTG_NNNNATACG_1__DCO_BMS_Av4v5__LH180406_s__20190218,DCO_BMS,LH180406_s
AATTTG_NNNNCGAGT_1__DCO_BMS_Av4v5__CZ180409_s__20190218,DCO_BMS,CZ180409_s
AATTTG_NNNNCGCGA_1__DCO_BMS_Av4v5__CI180408_s__20190218,DCO_BMS,CI180408_s
ACGCAA_NNNNACTCG_1__DCO_MOT_Av4v5__0AMRd068__20190218,DCO_MOT,0AMRd068
ACGCAA_NNNNAGTGT_1__DCO_MOT_Av4v5__0AMRd071__20190218,DCO_MOT,0AMRd071
ACGCAA_NNNNATACG_1__DCO_MOT_Av4v5__0AMRd059__20190218,DCO_MOT,0AMRd059
ACGCAA_NNNNATAGT_1__DCO_MOT_Av4v5__0AMRd075__20190218,DCO_MOT,0AMRd075
ACGCAA_NNNNTAGTG_1__DCO_MOT_Av4v5__0AMRd058__20190218,DCO_MOT,0AMRd058
ACGCAA_NNNNTCGAG_1__DCO_MOT_Av4v5__0AMRd050_051_052__20190218,DCO_MOT,0AMRd050_051_052
AGATAC_NNNNCGCGA_1__DCO_BMS_Av4v5__DS170420_f__20190218,DCO_BMS,DS170420_f
ATATGC_NNNNACTCG_1__DCO_MOT_Av4v5__0AMRd010__20190218,DCO_MOT,0AMRd010
ATATGC_NNNNAGTGT_1__DCO_MOT_Av4v5__0AMRd014__20190218,DCO_MOT,0AMRd014
ATATGC_NNNNATACG_1__DCO_MOT_Av4v5__0AMRd008__20190218,DCO_MOT,0AMRd008
ATATGC_NNNNATAGT_1__DCO_MOT_Av4v5__0AMRd019__20190218,DCO_MOT,0AMRd019
ATATGC_NNNNCGAGT_1__DCO_MOT_Av4v5__0AMRd023__20190218,DCO_MOT,0AMRd023
ATATGC_NNNNCGCGA_1__DCO_MOT_Av4v5__0AMRd024__20190218,DCO_MOT,0AMRd024
ATATGC_NNNNTAGTG_1__DCO_MOT_Av4v5__0AMRd007__20190218,DCO_MOT,0AMRd007
ATATGC_NNNNTCGAG_1__DCO_MOT_Av4v5__0AMRd002__20190218,DCO_MOT,0AMRd002
CAATCT_NNNNCGCGA_1__DCO_BMS_Av4v5__PX180416_s__20190218,DCO_BMS,PX180416_s
CCCTCG_NNNNATACG_1__DCO_BMS_Av4v5__RR180407_f__20190218,DCO_BMS,RR180407_f
CCCTCG_NNNNCGAGT_1__DCO_BMS_Av4v5__MC180404_s__20190218,DCO_BMS,MC180404_s
CCCTCG_NNNNCGCGA_1__DCO_BMS_Av4v5__RC180404_s__20190218,DCO_BMS,RC180404_s
CCCTCG_NNNNTCGAG_1__DCO_BMS_Av4v5__AG170420_f__20190218,DCO_BMS,AG170420_f
GAGTTG_NNNNACTCG_1__DCO_MOT_Av4v5__0AMRd034__20190218,DCO_MOT,0AMRd034
GAGTTG_NNNNAGTGT_1__DCO_MOT_Av4v5__0AMRd036__20190218,DCO_MOT,0AMRd036
GAGTTG_NNNNATACG_1__DCO_MOT_Av4v5__0AMRd033__20190218,DCO_MOT,0AMRd033
GAGTTG_NNNNATAGT_1__DCO_MOT_Av4v5__0AMRd045__20190218,DCO_MOT,0AMRd045
GAGTTG_NNNNCGAGT_1__DCO_MOT_Av4v5__0AMRd048__20190218,DCO_MOT,0AMRd048
GAGTTG_NNNNCGCGA_1__DCO_MOT_Av4v5__0AMRd049__20190218,DCO_MOT,0AMRd049
GAGTTG_NNNNTAGTG_1__DCO_MOT_Av4v5__0AMRd031__20190218,DCO_MOT,0AMRd031
GAGTTG_NNNNTCGAG_1__DCO_MOT_Av4v5__0AMRd030__20190218,DCO_MOT,0AMRd030
TATCGC_NNNNACTCG_1__DCO_BMS_Av4v5__CH180410_f__20190218,DCO_BMS,CH180410_f
TATCGC_NNNNAGTGT_1__DCO_BMS_Av4v5__CI180408_f__20190218,DCO_BMS,CI180408_f
TATCGC_NNNNATACG_1__DCO_BMS_Av4v5__BW180407_f__20190218,DCO_BMS,BW180407_f
TATCGC_NNNNATAGT_1__DCO_BMS_Av4v5__CL180410_f__20190218,DCO_BMS,CL180410_f
TATCGC_NNNNCGAGT_1__DCO_BMS_Av4v5__CV180410_f__20190218,DCO_BMS,CV180410_f
TATCGC_NNNNCGCGA_1__DCO_BMS_Av4v5__CZ180409_f__20190218,DCO_BMS,CZ180409_f
TATCGC_NNNNTAGTG_1__DCO_BMS_Av4v5__BS180407_f__20190218,DCO_BMS,BS180407_f
TGCTCG_NNNNACTCG_1__DCO_BMS_Av4v5__LH180406_f__20190218,DCO_BMS,LH180406_f
TGCTCG_NNNNAGTGT_1__DCO_BMS_Av4v5__LP180406_f__20190218,DCO_BMS,LP180406_f
TGCTCG_NNNNCGAGT_1__DCO_BMS_Av4v5__MC180404_f__20190218,DCO_BMS,MC180404_f
TGCTCG_NNNNCGCGA_1__DCO_BMS_Av4v5__RC180404_f__20190218,DCO_BMS,RC180404_f
TGCTCG_NNNNTAGTG_1__DCO_BMS_Av4v5__HA180403_f__20190218,DCO_BMS,HA180403_f
AATTTG_NNNNTAGTG_1__DCO_BMS_Av4v5__LW180405_s__20190402,DCO_BMS,LW180405_s
AATTTG_NNNNTCGAG_1__DCO_BMS_Av4v5__PS180405_s__20190402,DCO_BMS,PS180405_s
AGATAC_NNNNAGTGT_1__DCO_BMS_Av4v5__LE180416_f__20190402,DCO_BMS,LE180416_f
AGATAC_NNNNATACG_1__DCO_BMS_Av4v5__CW180415_f__20190402,DCO_BMS,CW180415_f
AGATAC_NNNNTAGTG_1__DCO_BMS_Av4v5__YR180404_f__20190402,DCO_BMS,YR180404_f
AGATAC_NNNNTCGAG_1__DCO_BMS_Av4v5__SC180411_f__20190402,DCO_BMS,SC180411_f
CAATCT_NNNNACTCG_1__DCO_BMS_Av4v5__CH180410_s__20190402,DCO_BMS,CH180410_s
CAATCT_NNNNAGTGT_1__DCO_BMS_Av4v5__SC180411_s__20190402,DCO_BMS,SC180411_s
CAATCT_NNNNATACG_1__DCO_BMS_Av4v5__CV180410_s__20190402,DCO_BMS,CV180410_s
CAATCT_NNNNATAGT_1__DCO_BMS_Av4v5__CW180415_s__20190402,DCO_BMS,CW180415_s
CAATCT_NNNNCGAGT_1__DCO_BMS_Av4v5__ER180415_s__20190402,DCO_BMS,ER180415_s
CAATCT_NNNNTAGTG_1__DCO_BMS_Av4v5__LB180410_s__20190402,DCO_BMS,LB180410_s
CCCTCG_NNNNATAGT_1__DCO_BMS_Av4v5__GE180403_s__20190402,DCO_BMS,GE180403_s
GTAACT_NNNNTAGTG_1__DCO_BMS_Av4v5__LE180416_s__20190402,DCO_BMS,LE180416_s
GTAACT_NNNNTCGAG_1__DCO_BMS_Av4v5__XS180416_s__20190402,DCO_BMS,XS180416_s
TATCGC_NNNNTCGAG_1__DCO_BMS_Av4v5__BC180410_f__20190402,DCO_BMS,BC180410_f
TGCTCG_NNNNATAGT_1__DCO_BMS_Av4v5__LW180405_f__20190402,DCO_BMS,LW180405_f
AATTTG_NNNNAGTGT_1__DCO_RESQ_Av4v5__DCO_MOS_BLM_1A__20190408,DCO_MOS,BLM_1A
AATTTG_NNNNATACG_1__DCO_RESQ_Av4v5__DCO_MOS_U12N_10_tunnel__20190408,DCO_MOS,U12N_10_tunnel
AATTTG_NNNNATAGT_1__DCO_RESQ_Av4v5__DCO_MAC_LI09_3__20190408,DCO_MAC,LI09_3
AATTTG_NNNNCGAGT_1__DCO_RESQ_Av4v5__DCO_MAC_LI09_4__20190408,DCO_MAC,LI09_4
AATTTG_NNNNCGCGA_1__DCO_RESQ_Av4v5__DCO_MAC_LI09_5__20190408,DCO_MAC,LI09_5
AATTTG_NNNNTCGAG_1__DCO_RESQ_Av4v5__DCO_MOS_BLM_1B__20190408,DCO_MOS,BLM_1B
ACGACT_NNNNACTCG_1__DCO_RESQ_Av4v5__DCO_BRA_IODP_331_Site_C14D_2_3__20190408,DCO_BRA,IODP_331_Site_C14D_2_3
ACGACT_NNNNATACG_1__DCO_RESQ_Av4v5__DCO_BRA_IODP_331_Site_C14D_1_4__20190408,DCO_BRA,IODP_331_Site_C14D_1_4
ACGACT_NNNNATAGT_1__DCO_RESQ_Av4v5__DCO_BOM_983_Itavaara_OL_KR23_424m__20190408,DCO_BOM,983_Itavaara_OL_KR23_424m
ACGACT_NNNNTAGTG_1__DCO_RESQ_Av4v5__DCO_BRA_IODP_331_Site_C14D_1_3__20190408,DCO_BRA,IODP_331_Site_C14D_1_3
ACGACT_NNNNTCGAG_1__DCO_RESQ_Av4v5__DCO_BRA_IODP_331_Site_C14D_1_1__20190408,DCO_BRA,IODP_331_Site_C14D_1_1
ACGCAA_NNNNAGTGT_1__DCO_RESQ_Av4v5__DCO_PED_ONK_PVA6__20190408,DCO_PED,ONK_PVA6
ACGCAA_NNNNCGCGA_1__DCO_RESQ_Av4v5__DCO_PED_ONK_PVA06_2__20190408,DCO_PED,ONK_PVA06_2
AGATAC_NNNNACTCG_1__DCO_RESQ_Av4v5__DCO_TCO_BE326FW250111BH2__20190408,DCO_TCO,BE326FW250111BH2
AGATAC_NNNNAGTGT_1__DCO_RESQ_Av4v5__DCO_TCO_NO14FW130912__20190408,DCO_TCO,NO14FW130912
AGATAC_NNNNATAGT_1__DCO_RESQ_Av4v5__DCO_TCO_FI88FW031012__20190408,DCO_TCO,FI88FW031012
AGATAC_NNNNCGAGT_1__DCO_RESQ_Av4v5__DCO_TCO_BE326FW270712BH2__20190408,DCO_TCO,BE326FW270712BH2
AGATAC_NNNNCGCGA_1__DCO_RESQ_Av4v5__DCO_TCO_TT109FW060312BH2__20190408,DCO_TCO,TT109FW060312BH2
AGATAC_NNNNTAGTG_1__DCO_RESQ_Av4v5__DCO_BOM_996_Itavaara_OL_KR13_360m__20190408,DCO_BOM,996_Itavaara_OL_KR13_360m
ATATGC_NNNNACTCG_1__DCO_RESQ_Av4v5__DCO_PPA_1301A_1a__20190408,DCO_PPA,1301A_1a
ATATGC_NNNNAGTGT_1__DCO_RESQ_Av4v5__DCO_PPA_1301A_1b__20190408,DCO_PPA,1301A_1b
ATATGC_NNNNATACG_1__DCO_RESQ_Av4v5__DCO_PPA_1301A_3d__20190408,DCO_PPA,1301A_3d
ATATGC_NNNNCGCGA_1__DCO_RESQ_Av4v5__DCO_PPA_1301A_3a__20190408,DCO_PPA,1301A_3a
CAATCT_NNNNACTCG_1__DCO_RESQ_Av4v5__DCO_MAC_LI13_2__20190408,DCO_MAC,LI13_2
CAATCT_NNNNAGTGT_1__DCO_RESQ_Av4v5__DCO_MAC_LV13_5__20190408,DCO_MAC,LV13_5
CAATCT_NNNNATACG_1__DCO_RESQ_Av4v5__DCO_MAC_LO13_2__20190408,DCO_MAC,LO13_2
CAATCT_NNNNTAGTG_1__DCO_RESQ_Av4v5__DCO_MAC_LD09_2_3__20190408,DCO_MAC,LD09_2_3
CAATCT_NNNNTCGAG_1__DCO_RESQ_Av4v5__DCO_MAC_LO13_8__20190408,DCO_MAC,LO13_8
CCCTCG_NNNNACTCG_1__DCO_RESQ_Av4v5__DCO_MOS_KC_1_12_10_SW2__20190408,DCO_MOS,KC_1_12_10_SW2
CCCTCG_NNNNAGTGT_1__DCO_RESQ_Av4v5__DCO_BOM_437_Itavaara_OL_KR5_457m__20190408,DCO_BOM,437_Itavaara_OL_KR5_457m
CCCTCG_NNNNATACG_1__DCO_RESQ_Av4v5__DCO_MOS_KC_7850_SWA__20190408,DCO_MOS,KC_7850_SWA
CCCTCG_NNNNATAGT_1__DCO_RESQ_Av4v5__DCO_BOM_994_Itavaara_OL_KR1_609m__20190408,DCO_BOM,994_Itavaara_OL_KR1_609m
CCCTCG_NNNNCGAGT_1__DCO_RESQ_Av4v5__DCO_BOM_1039_Itavaara_OL_KR6_422m__20190408,DCO_BOM,1039_Itavaara_OL_KR6_422m
CCCTCG_NNNNCGCGA_1__DCO_RESQ_Av4v5__DCO_MOS_Bilby_DNA2_280312__20190408,DCO_MOS,Bilby_DNA2_280312
CCCTCG_NNNNTAGTG_1__DCO_RESQ_Av4v5__DCO_TCO_MM51940FW200712__20190408,DCO_TCO,MM51940FW200712
CCCTCG_NNNNTCGAG_1__DCO_RESQ_Av4v5__DCO_TCO_DR5IPCFW280711__20190408,DCO_TCO,DR5IPCFW280711
CTCGTA_NNNNACTCG_1__DCO_RESQ_Av4v5__DCO_PED_KA2198A_Prov_1__20190408,DCO_PED,KA2198A_Prov_1
CTCGTA_NNNNAGTGT_1__DCO_RESQ_Av4v5__DCO_PED_KJ0052F01_100L__20190408,DCO_PED,KJ0052F01_100L
CTCGTA_NNNNATACG_1__DCO_RESQ_Av4v5__DCO_PED_KA3510A_Prov_1__20190408,DCO_PED,KA3510A_Prov_1
CTCGTA_NNNNATAGT_1__DCO_RESQ_Av4v5__DCO_PED_KF0069A01_2__20190408,DCO_PED,KF0069A01_2
CTCGTA_NNNNCGAGT_1__DCO_RESQ_Av4v5__DCO_PED_ONK_KR15__20190408,DCO_PED,ONK_KR15
CTCGTA_NNNNTAGTG_1__DCO_RESQ_Av4v5__DCO_PED_ONK_PVA1__20190408,DCO_PED,ONK_PVA1
CTCGTA_NNNNTCGAG_1__DCO_RESQ_Av4v5__DCO_PED_KA3110A_2__20190408,DCO_PED,KA3110A_2
GTAACT_NNNNCGAGT_1__DCO_RESQ_Av4v5__DCO_ORC_JdFback__20190408,DCO_ORC,JdFback
GTAACT_NNNNTAGTG_1__DCO_RESQ_Av4v5__DCO_ORC_4H_3_upper__20190408,DCO_ORC,4H_3_upper
TATCGC_NNNNACTCG_1__DCO_RESQ_Av4v5__DCO_GRA_932W3__20190408,DCO_GRA,932W3
TATCGC_NNNNAGTGT_1__DCO_RESQ_Av4v5__DCO_GRA_942W14__20190408,DCO_GRA,942W14
TATCGC_NNNNATAGT_1__DCO_RESQ_Av4v5__DCO_GRA_944W11__20190408,DCO_GRA,944W11
TATCGC_NNNNCGAGT_1__DCO_RESQ_Av4v5__DCO_GRA_951W11__20190408,DCO_GRA,951W11
TATCGC_NNNNCGCGA_1__DCO_RESQ_Av4v5__DCO_GRA_966W2__20190408,DCO_GRA,966W2
TGCTCG_NNNNACTCG_1__DCO_RESQ_Av4v5__DCO_HIN_BS_15105_2_390_405__20190408,DCO_HIN,BS_15105_2_390_405
TGCTCG_NNNNAGTGT_1__DCO_RESQ_Av4v5__DCO_HIN_EM_15103_2_21_34__20190408,DCO_HIN,EM_15103_2_21_34
TGCTCG_NNNNATACG_1__DCO_RESQ_Av4v5__DCO_HIN_BS_15105_2_147_167__20190408,DCO_HIN,BS_15105_2_147_167
TGCTCG_NNNNATAGT_1__DCO_RESQ_Av4v5__DCO_HIN_BS_15105_2_420_435__20190408,DCO_HIN,BS_15105_2_420_435
TGCTCG_NNNNCGAGT_1__DCO_RESQ_Av4v5__DCO_PED_ONK_PVA3__20190408,DCO_PED,ONK_PVA3
TGCTCG_NNNNCGCGA_1__DCO_RESQ_Av4v5__DCO_BRA_IODP_331_Site_C14B_1_1__20190408,DCO_BRA,IODP_331_Site_C14B_1_1
TGCTCG_NNNNTAGTG_1__DCO_RESQ_Av4v5__DCO_HIN_EM_15103_2_435_455__20190408,DCO_HIN,EM_15103_2_435_455
TGCTCG_NNNNTCGAG_1__DCO_RESQ_Av4v5__DCO_HIN_EM_15103_2_220_240__20190408,DCO_HIN,EM_15103_2_220_240
AGATAC_NNNNAGTGT_1__DCO_BKR_Av4v5__Aar_DrillFluid_59E_NC__20141030,DCO_BKR,Aar_DrillFluid_59E_NC
AGATAC_NNNNATACG_1__DCO_BKR_Av4v5__Aar_59E_25H2__20141030,DCO_BKR,Aar_59E_25H2
AGATAC_NNNNATAGT_1__DCO_BKR_Av4v5__Knox_60B_10H2__20141030,DCO_BKR,Knox_60B_10H2
AGATAC_NNNNCGAGT_1__DCO_BKR_Av4v5__Knox_60B_10H2__20141030,DCO_BKR,Knox_60B_10H2
CCCTCG_NNNNATACG_1__DCO_BKR_Av4v5__Knox_63E_6H2__20141030,DCO_BKR,Knox_63E_6H2
CCCTCG_NNNNTCGAG_1__DCO_BKR_Av4v5__Knox_65C_7H2__20141030,DCO_BKR,Knox_65C_7H2
AATTTG_NNNNATACG_1__DCO_BRZ_Av4v5__Serp_CRO_8B_AprD11_Av4v5__20130721,DCO_BRZ,Serp_CRO_8B_AprD11_Av4v5
ACGACT_NNNNATACG_1__DCO_BRZ_Av4v5__Serp_CRO_8A_Apr11_Av4v5__20130721,DCO_BRZ,Serp_CRO_8A_Apr11_Av4v5
ACGCAA_NNNNTAGTG_1__DCO_BRZ_Av4v5__Serp_LIG_Gor_upA_Jul12_Av4v5__20130721,DCO_BRZ,Serp_LIG_Gor_upA_Jul12_Av4v5
AGATAC_NNNNATACG_1__DCO_BRZ_Av4v5__Serp_CRO_8A_Aug11_Av4v5__20130721,DCO_BRZ,Serp_CRO_8A_Aug11_Av4v5
ATATGC_NNNNTAGTG_1__DCO_BRZ_Av4v5__Serp_LIG_BR2_back1_Jun12_Av4v5__20130721,DCO_BRZ,Serp_LIG_BR2_back1_Jun12_Av4v5
CCCTCG_NNNNATACG_1__DCO_BRZ_Av4v5__Serp_CRO_8B_AprC11_Av4v5__20130721,DCO_BRZ,Serp_CRO_8B_AprC11_Av4v5
CTCGTA_NNNNTAGTG_1__DCO_BRZ_Av4v5__Serp_LIG_L43_upstream_Oct11_Av4v5__20130721,DCO_BRZ,Serp_LIG_L43_upstream_Oct11_Av4v5
GAGTTG_NNNNTAGTG_1__DCO_BRZ_Av4v5__Serp_LIG_BR2_back2_Jun12_Av4v5__20130721,DCO_BRZ,Serp_LIG_BR2_back2_Jun12_Av4v5
TATCGC_NNNNATACG_1__DCO_BRZ_Av4v5__Serp_LIG_Gor_upB_Jul12_Av4v5__20130721,DCO_BRZ,Serp_LIG_Gor_upB_Jul12_Av4v5
TATCGC_NNNNTCGAG_1__DCO_BRZ_Av4v5__Serp_CRO_CSWold_11_11_Av4v5__20130721,DCO_BRZ,Serp_CRO_CSWold_11_11_Av4v5
TGCTCG_NNNNAGTGT_1__DCO_BRZ_Av4v5__Serp_CRO_N08A_Aug11_Av4v5__20130721,DCO_BRZ,Serp_CRO_N08A_Aug11_Av4v5
ACGACT_NNNNACTCG_1__DCO_BRZ_Av4v5__Serp_CRO_QV1_1A_Mar13__20130920,DCO_BRZ,Serp_CRO_QV1_1A_Mar13
ACGACT_NNNNAGTGT_1__DCO_BRZ_Av4v5__Serp_CRO_CSW1_1A_Mar13__20130920,DCO_BRZ,Serp_CRO_CSW1_1A_Mar13
ACGACT_NNNNATACG_1__DCO_BRZ_Av4v5__Serp_CRO_N08T0_Mar13__20130920,DCO_BRZ,Serp_CRO_N08T0_Mar13
ACGACT_NNNNATAGT_1__DCO_BRZ_Av4v5__Serp_LC1408__20130920,DCO_BRZ,Serp_LC1408
ACGACT_NNNNTAGTG_1__DCO_BRZ_Av4v5__Serp_CRO_N08BB_Mar13__20130920,DCO_BRZ,Serp_CRO_N08BB_Mar13
ACGACT_NNNNTCGAG_1__DCO_BRZ_Av4v5__Serp_CRO_N08BA_Mar13__20130920,DCO_BRZ,Serp_CRO_N08BA_Mar13
CCCTCG_NNNNATACG_1__DCO_BRZ_Av4v5__Serp_TL_WHC2B_Aug10__20130920,DCO_BRZ,Serp_TL_WHC2B_Aug10
TATCGC_NNNNATAGT_1__DCO_BRZ_Av4v5__Serp_CRO_CSW1_4A_Mar13__20130920,DCO_BRZ,Serp_CRO_CSW1_4A_Mar13
TATCGC_NNNNCGAGT_1__DCO_BRZ_Av4v5__Serp_CRO_CSW1_2A_Mar13__20130920,DCO_BRZ,Serp_CRO_CSW1_2A_Mar13
TATCGC_NNNNCGCGA_1__DCO_BRZ_Av4v5__Serp_CRO_CSW1_3B_Mar13__20130920,DCO_BRZ,Serp_CRO_CSW1_3B_Mar13
TGCTCG_NNNNACTCG_1__DCO_BRZ_Av4v5__Serp_CRO_N08CA_Mar13__20130920,DCO_BRZ,Serp_CRO_N08CA_Mar13
TGCTCG_NNNNAGTGT_1__DCO_BRZ_Av4v5__Serp_CRO_QV1_3B_Mar13__20130920,DCO_BRZ,Serp_CRO_QV1_3B_Mar13
TGCTCG_NNNNATACG_1__DCO_BRZ_Av4v5__Serp_CRO_N08AB_Mar13__20130920,DCO_BRZ,Serp_CRO_N08AB_Mar13
TGCTCG_NNNNATAGT_1__DCO_BRZ_Av4v5__Serp_CRO_CSWoldA_Mar13__20130920,DCO_BRZ,Serp_CRO_CSWoldA_Mar13
TGCTCG_NNNNCGAGT_1__DCO_BRZ_Av4v5__Serp_CRO_CSWoldB_Mar13__20130920,DCO_BRZ,Serp_CRO_CSWoldB_Mar13
TGCTCG_NNNNCGCGA_1__DCO_BRZ_Av4v5__Serp_CRO_CSWoldT0_Mar13__20130920,DCO_BRZ,Serp_CRO_CSWoldT0_Mar13
TGCTCG_NNNNTAGTG_1__DCO_BRZ_Av4v5__Serp_CRO_CSW1_5A_Mar13__20130920,DCO_BRZ,Serp_CRO_CSW1_5A_Mar13
TGCTCG_NNNNTCGAG_1__DCO_BRZ_Av4v5__Serp_CRO_QV1_2B_Mar13__20130920,DCO_BRZ,Serp_CRO_QV1_2B_Mar13
ACGACT_NNNNAGTGT_1__DCO_BRZ_Av4v5__Serp_LC_BB35__20140305,DCO_BRZ,Serp_LC_BB35
ACGCAA_NNNNACTCG_1__DCO_BRZ_Av4v5__Serp_LC_BB31__20140305,DCO_BRZ,Serp_LC_BB31
ATATGC_NNNNACTCG_1__DCO_BRZ_Av4v5__Serp_LC_BB22__20140305,DCO_BRZ,Serp_LC_BB22
ATATGC_NNNNCGCGA_1__DCO_BRZ_Av4v5__Serp_Lig_GORupA_2013__20140305,DCO_BRZ,Serp_Lig_GORupA_2013
CAATCT_NNNNACTCG_1__DCO_BRZ_Av4v5__Serp_LC_BB20__20140305,DCO_BRZ,Serp_LC_BB20
GTAACT_NNNNACTCG_1__DCO_BRZ_Av4v5__Serp_LC_BB21__20140305,DCO_BRZ,Serp_LC_BB21
TGCTCG_NNNNACTCG_1__DCO_BRZ_Av4v5__Serp_LC_BB13__20140305,DCO_BRZ,Serp_LC_BB13
